inputleaf,stomataopenclose,nitrogen,chloropyll,phosphorus,leafhumidity,leafevaporation,evapotranspiration,stages,soilph,soilhumidity,microclimatictemp,microclimaticseason,microclimaticwindspeed,drip_liters_per_day,predicted_water_liters_per_day,yield_kg_per_plant,predicted_yield
leaf_1,0.437086107,2.557245355,46.90811977,0.439719715,82.68899339,1.585756265,5.654312046,germination,6.890814297,29.9523232,38.41781865,monsoon,1.430180515,969218957,1799544291,2.123620357,2.129580536
leaf_2,0.955642876,2.437545633,51.86725589,0.405483142,66.03352267,2.16578719,4.101441927,maturity,6.005485337,35.18888163,27.84994764,monsoon,8.522343626,7206730362,6731900045,3.852142919,3.852918239
leaf_3,0.758794548,1.076926197,30.01871595,0.31527381,90.53380972,0.75017782,4.899641087,grandgrowth,6.12281129,20.81134365,30.15166425,summer,13.9251623,688433486.6,479061150.2,3.195981825,3.191275209
leaf_4,0.638792636,2.023743483,44.99496398,0.202585743,81.45906837,0.759565931,3.744193192,germination,5.742162596,22.80706262,34.20239158,winter,9.349317658,571613599.3,634988155.3,2.795975453,2.845428385
leaf_5,0.240416776,2.140586856,42.86983933,0.398495689,65.50213592,1.613636721,4.52013831,germination,7.229318228,39.45753354,26.43529311,summer,14.60310846,2312665295,2484511736,1.468055921,1.502470979
leaf_6,0.240395068,2.196468343,53.31321507,0.314250395,93.68183201,2.392757307,3.36230375,maturity,6.486888559,33.51749529,30.31851732,summer,2.910315656,639555491.8,886222320,1.467983561,1.496854009
leaf_7,0.152275251,2.740517108,56.24348242,0.49384332,78.14279122,1.329995517,3.204636079,germination,6.644293756,36.91612393,28.7666843,monsoon,8.956271464,1219812343,1258166924,1.174250837,1.172978591
leaf_8,0.879558531,2.60080764,20.48627086,0.209578506,62.55144582,1.153884201,4.312919145,drying,6.638865366,23.16286662,38.73275093,summer,12.17375067,1108440644,2067362709,3.598528437,3.579201389
leaf_9,0.641003511,2.823715278,46.96079676,0.433931125,81.93915165,1.713378646,3.992518697,germination,6.320986229,17.02228612,37.78765954,summer,8.357570236,3512627570,3304380199,2.803345035,2.844999991
leaf_10,0.73726532,3.294649785,22.07343196,0.576589695,68.86196175,2.360897201,4.318145477,drying,5.885059831,22.35590396,33.69749112,summer,2.274928984,1094465489,1411907300,3.124217733,3.149350987
leaf_11,0.118526045,3.438957216,41.9543466,0.269763707,88.12927082,2.173855666,3.146642325,germination,6.990265497,31.48275753,32.80519505,monsoon,9.160404022,919587381.2,1516468824,1.061753483,1.057007525
leaf_12,0.972918867,3.154369229,31.50530916,0.388659796,88.62377257,2.490967221,3.467831327,tillering,5.754112531,13.28291215,38.96088692,summer,9.564330682,4096790939,4479362558,3.909729556,3.929138258
leaf_13,0.849198377,3.866571088,32.27106398,0.236568797,94.26315745,0.545137166,2.335591843,germination,5.707747581,18.11407317,38.98641674,summer,11.20192948,679215613.2,1162162745,3.497327922,3.519563137
leaf_14,0.2911052,1.054697748,34.11834014,0.450272765,77.56543359,0.725716289,2.209105489,drying,6.920290075,11.39907701,39.53995188,monsoon,11.65696121,106629797.6,-58228314.47,1.637017332,1.626999962
leaf_15,0.26364247,1.587333957,44.85169796,0.420212672,75.92349079,1.718935527,3.013828519,germination,5.917674041,22.97043215,26.88068326,monsoon,11.79081763,668283044.8,601542235,1.545474902,1.537716785
leaf_16,0.265064059,1.022688625,33.36199863,0.36294621,86.37164619,2.141152879,2.296987437,germination,6.113545503,34.82337208,27.40836716,monsoon,10.28822151,418527052.8,924266105.8,1.55021353,1.54358156
leaf_17,0.373818019,2.942424142,49.30796202,0.408550809,64.63647297,1.070488685,2.415098835,germination,6.450454934,10.73991065,35.15105048,winter,4.02135661,181298907.6,-83866202.71,1.912726729,1.946114234
leaf_18,0.572280788,3.694091647,36.18109542,0.558629863,79.14204298,0.978422176,5.251713622,drying,6.398702633,30.2597058,33.12151715,monsoon,6.659300582,3710417213,3700518247,2.574269295,2.597687185
leaf_19,0.488750517,1.73044689,22.73412801,0.278517721,79.118666,2.073951599,2.155494788,germination,6.91715825,37.97487624,25.27698857,winter,11.86581962,746136602.2,689795552,2.295835056,2.320286317
leaf_20,0.362106226,3.781103634,51.3503937,0.209025805,63.1315593,0.612763708,4.635771176,maturity,6.746863587,17.10783585,25.92962554,monsoon,14.34797777,565866189.1,881849642.5,1.873687421,1.884310255
leaf_21,0.650667605,1.180802171,31.43033298,0.544665954,74.62944299,1.238765295,3.090230995,maturity,6.788792325,30.80904522,38.32120573,monsoon,2.105257508,317023072.6,136060165.3,2.835558684,2.847683309
leaf_22,0.225544475,3.80330808,37.31067518,0.430846833,89.86496795,1.511618445,5.486182723,drying,6.928108661,39.25305703,38.03306193,monsoon,8.497513489,4516103843,3907442979,1.418481582,1.396905931
leaf_23,0.362930184,2.054868062,47.41775533,0.556263382,89.96537677,1.620697349,3.939969138,tillering,6.085225455,38.8683418,30.35906383,winter,5.375311799,2180888015,1631249527,1.876433946,1.882888544
leaf_24,0.429725659,1.304262485,33.29824629,0.438778089,63.47331827,1.957230314,3.222305837,maturity,6.144666624,17.04787579,38.36575925,summer,4.15551452,273734590.9,-104272330.3,2.09908553,2.109155544
leaf_25,0.510462986,2.457615278,22.26342625,0.524064436,63.1752309,1.209691447,4.070555743,grandgrowth,6.375995496,13.0099316,33.90512612,monsoon,8.081349569,517454627.4,498300884.1,2.368209953,2.361718966
leaf_26,0.806658365,1.770329703,34.95684188,0.371869345,69.1943417,1.725368689,3.527832076,maturity,6.114924346,14.44847614,37.08858471,winter,9.485250768,1215063520,1255920195,3.355527884,3.375627344
leaf_27,0.279706404,1.854618706,57.77794331,0.499943973,90.61681219,1.670750846,4.257204259,grandgrowth,7.469875738,31.06107005,31.41146607,monsoon,1.13681124,400093760.6,962054600.2,1.599021346,1.594599468
leaf_28,0.562810995,1.921869895,45.66937589,0.565216587,64.51159048,1.595232201,2.458131473,drying,7.128103853,31.77276626,26.70097491,summer,11.92289201,2546250197,2685291714,2.542703315,2.599736239
leaf_29,0.633173112,3.409077693,46.85916595,0.428849185,85.19988809,1.780966586,5.987962011,tillering,5.829309377,30.22709685,31.50590594,winter,12.47834984,13651017245,11896172890,2.777243707,2.804230799
leaf_30,0.141805371,2.61748383,45.29128615,0.27231406,63.54079669,1.018898342,3.702223511,grandgrowth,5.511188312,20.08235163,31.85949697,monsoon,14.51715154,280839183.2,314012609.4,1.139351238,1.15404628
leaf_31,0.646790367,1.933923097,27.95968556,0.307519046,81.80982488,0.669297507,3.392922559,grandgrowth,5.585566536,15.09330819,33.26416291,monsoon,3.529012265,98868308.33,-341103960.6,2.822634556,2.842302425
leaf_32,0.253471711,2.83100135,36.73335456,0.279457831,72.46235547,0.738543344,4.840839393,maturity,5.988126902,27.42283276,26.58374069,monsoon,9.323735873,388360388.3,333065571.5,1.511572371,1.506274174
leaf_33,0.158546434,3.148452023,50.03759193,0.298742811,87.6119887,0.949164765,3.455597626,grandgrowth,5.728582572,24.51041337,39.87102795,summer,6.972755229,418509581.4,257399629.5,1.195154779,1.169818289
leaf_34,0.953996984,1.817872002,24.0549159,0.32256618,68.17916571,1.500395871,5.33309722,drying,6.56667623,31.86502441,28.66205231,winter,5.687589922,1252089703,1637432612,3.846656612,3.8498839
leaf_35,0.96906883,2.240647305,31.11411104,0.422053515,82.37206403,2.180885501,3.817082897,drying,7.215990445,23.24080236,27.97828605,monsoon,8.91886832,4091149771,3826874429,3.896896099,3.902093152
leaf_36,0.827557613,1.36565828,31.05276434,0.435196652,68.24888871,1.902586684,4.878233653,drying,6.973500442,20.15919084,32.90204378,monsoon,11.95336331,2674457231,2717185118,3.425192044,3.411729995
leaf_37,0.374152392,1.543448049,37.2807571,0.370599899,84.97810991,2.078081208,2.429812866,maturity,5.931218126,18.80435732,33.05812269,winter,1.322738968,83482933.77,-100553592.2,1.913841308,1.946130619
leaf_38,0.187904903,3.043353562,59.21474964,0.446168312,90.57873121,1.201951248,5.384476742,tillering,6.298598512,16.3441096,31.59731107,summer,14.57160158,2098980200,2563373293,1.293016342,1.311279624
leaf_39,0.715809724,1.544315043,22.70010187,0.23262997,64.43806297,1.309307483,4.942871947,maturity,6.515788419,17.97239129,36.57838219,summer,12.3383422,643301554.6,692836240.7,3.05269908,3.041048511
leaf_40,0.496137244,2.575490151,40.74803978,0.235115295,90.3308491,1.287363772,2.846867114,drying,7.120411699,12.84491317,32.74981601,summer,11.51615185,698998796.3,709599515.5,2.320457481,2.332818906
leaf_41,0.209834411,3.127138785,27.17458728,0.268731784,80.7751339,0.883746369,2.581144039,maturity,7.178243206,20.40571033,34.14543183,summer,11.64542335,257129088.3,-4510394.901,1.366114705,1.366091181
leaf_42,0.545659219,1.320630769,58.82706182,0.407230999,64.44886718,0.622433316,3.265169395,drying,7.319436624,11.09709437,35.85619578,summer,6.446849935,212277244.8,86691763.28,2.48553073,2.493426956
leaf_43,0.130949669,2.701936659,24.53214019,0.285597871,74.96396494,1.681832186,5.904282344,germination,6.518490501,15.59241541,25.37537652,monsoon,11.52268771,274200993.2,309852970,1.103165563,1.109877098
leaf_44,0.918388362,1.769688351,36.14404009,0.313313761,65.63011027,2.478433367,3.027326298,germination,6.888549493,32.40311334,33.55966274,monsoon,6.41478292,2177524367,3085948531,3.727961206,3.732303097
leaf_45,0.332901983,3.888780626,49.51539939,0.360125134,84.51217611,0.83365941,3.824508836,grandgrowth,5.723600742,19.76406966,38.26291707,monsoon,13.58189561,1828358407,1678605000,1.776339945,1.779554002
leaf_46,0.696270056,2.45063694,48.18217712,0.52474645,86.5603847,0.59336964,2.120080903,tillering,6.63057792,30.04711051,25.26083114,winter,3.481113366,411509115.8,890992159.6,2.987566853,2.982856546
leaf_47,0.380539968,3.417977649,36.90914548,0.205544854,63.70287821,2.059063364,3.588910118,germination,5.997383619,31.50652527,31.07773156,summer,5.092863939,694616621.7,793731632.2,1.935133228,1.941179317
leaf_48,0.568061219,2.650679626,33.86096672,0.459751528,77.71489484,1.005172013,4.285280062,drying,6.36343377,27.43556028,38.89341175,winter,8.718725598,2322753885,2338018210,2.560204064,2.584556753
leaf_49,0.592039251,1.130237599,35.90449514,0.467550612,88.51187696,2.159287611,5.81249845,maturity,6.768101017,38.76093224,30.29731603,summer,5.468954502,2712140081,3139075714,2.640130838,2.650526356
leaf_50,0.26636901,2.899454127,30.57105053,0.519462312,92.76570645,1.907873334,4.06694418,maturity,6.013971876,10.643196,31.88093236,summer,6.939321434,625059020.9,632522427.4,1.554563367,1.546677626
leaf_51,0.972626165,3.854210027,28.21331755,0.573101176,77.97312534,2.391347074,5.276429305,grandgrowth,5.604370116,32.15957952,39.7231209,winter,7.893917652,16851462136,15107608258,3.908753883,3.885741854
leaf_52,0.797619541,2.80483546,39.3215879,0.20805514,93.25977283,1.317854472,4.18851057,maturity,5.520467713,38.76359932,27.98985788,monsoon,12.98894688,3665039864,3808798777,3.32539847,3.321563542
leaf_53,0.945549047,3.457566578,30.74135024,0.261513482,78.74911397,1.823939679,2.163140054,germination,5.544319071,35.86815188,25.97882784,winter,8.324691551,1756011455,2325580912,3.818496825,3.798661578
leaf_54,0.905344615,3.65261939,31.4984666,0.554468518,73.79666731,1.429709562,3.260033101,maturity,5.516699475,15.03678075,37.89133886,monsoon,6.074437881,1896450329,2404785780,3.684482051,3.696677353
leaf_55,0.638109981,1.684239316,46.27024254,0.383407425,89.6871095,1.761177395,4.302198031,germination,5.720710113,19.80460919,38.02698012,summer,4.468306296,1247114005,1112063800,2.793699936,2.839784361
leaf_56,0.929686812,1.63613452,58.74149327,0.425836256,77.25439487,1.399197812,5.802375864,germination,5.978977429,15.1735552,32.08116752,monsoon,6.721463703,2334262832,2411648182,3.765622705,3.774492531
leaf_57,0.179643252,2.832942967,44.14548802,0.465210881,76.51658787,0.877264493,5.436521439,tillering,5.942443028,28.03925091,32.71310762,summer,8.220305462,854482896.6,1250179756,1.265477506,1.259435281
leaf_58,0.276384576,2.233085409,23.07917868,0.471626642,77.16093713,1.515794832,2.913422457,grandgrowth,7.473593188,31.36563946,37.53709554,summer,11.445608,1152742576,1493817198,1.587948587,1.587980469
leaf_59,0.14070456,3.519583909,23.02334455,0.572696161,89.63747507,1.557168403,2.88043932,drying,6.11201221,19.51221308,36.07839247,monsoon,2.694682866,152191955.2,111190794,1.135681867,1.1479064
leaf_60,0.392797298,3.70006937,58.05692883,0.598779767,89.11795396,2.121207697,2.804691868,germination,5.754841567,26.18519722,28.97723503,summer,4.102528635,2399390193,2531575832,1.975990992,1.9766442
leaf_61,0.449809561,2.060264138,31.89163161,0.488062984,74.12319974,1.971041412,5.689995585,grandgrowth,6.591125088,30.7276171,25.25340033,monsoon,6.315156222,1936548752,1754352044,2.166031869,2.163637899
leaf_62,0.344214129,1.710611677,23.68267944,0.314888484,71.6654951,1.827583248,5.410664612,drying,7.215914911,22.6401945,32.19550244,winter,6.045577672,494743618.2,270062713.2,1.814047095,1.823569215
leaf_63,0.845863758,3.341576546,43.96178349,0.551900961,77.21748084,0.726774191,5.099533729,maturity,6.856120754,35.62046591,37.88368489,summer,6.484473226,5887200868,4835531434,3.486212527,3.509841593
leaf_64,0.421077994,1.824418107,44.94595113,0.219688366,80.04703784,1.941232581,3.570940457,grandgrowth,6.092164178,33.14649806,38.43752015,summer,12.1092977,1978078718,1532874265,2.07025998,2.102494367
leaf_65,0.352841059,3.467842956,45.9401928,0.292432341,68.34180237,1.500610313,4.017522817,grandgrowth,6.62323232,11.93996632,39.34339296,winter,5.538161641,583512269.8,511100668.9,1.842803529,1.819573376
leaf_66,0.588426475,2.271214761,30.69608111,0.558954287,87.78842797,2.288199072,3.857326979,grandgrowth,6.929711948,28.63375897,38.19344856,summer,8.026574526,5403931453,4253462025,2.628088249,2.618994797
leaf_67,0.226831802,3.002649698,20.60442737,0.302476606,77.0268968,2.339741868,3.01359243,maturity,6.956208985,17.05976653,33.70065333,winter,9.73469846,448778817.1,397472802.5,1.422772675,1.425538161
leaf_68,0.821977283,1.286605942,58.60061478,0.288260424,71.69159419,0.610313181,4.020112185,maturity,6.833076911,26.72554794,31.66908399,winter,4.250499703,386224788.6,329335384.1,3.406590942,3.391143656
leaf_69,0.167095579,2.871577974,30.03572183,0.255250117,63.73873475,2.141283121,2.121986191,grandgrowth,7.24162085,38.70665328,36.6227477,summer,11.06173542,604888438.5,804506074,1.223651931,1.219326662
leaf_70,0.988198243,2.355303036,47.04105152,0.543644703,68.35958061,0.575394781,2.527241494,tillering,7.240210917,36.37186014,36.09732452,winter,8.659558476,2435300738,3120842842,3.96066081,3.951434448
leaf_71,0.795020292,2.75982539,48.2651948,0.400023304,93.22484101,1.234339251,5.546358385,germination,6.657873119,22.13549209,33.07215145,winter,7.254936282,4780177741,4045431002,3.316734308,3.344681285
leaf_72,0.278844113,1.504042623,44.40029668,0.469957281,70.67848904,1.584599951,5.006719068,maturity,6.359712738,18.74541575,26.30991059,winter,12.33697637,949416299.9,1060897983,1.596147045,1.588872362
leaf_73,0.104969905,3.210621235,32.51629577,0.295626554,65.91007513,0.796201597,3.691473636,tillering,6.783140591,17.03217233,38.8912202,summer,4.408933629,62162576.04,-221773282,1.016566351,1.036031272
leaf_74,0.833915286,3.588391233,30.84385015,0.503216168,76.12354771,1.992627625,4.068601449,maturity,7.136424003,25.97544609,31.83403806,winter,13.36446359,11302958596,9467363436,3.446384285,3.443185028
leaf_75,0.736171609,1.6502194,43.90673131,0.504002218,70.74807102,0.516709408,3.479995544,grandgrowth,5.51130421,13.4274536,30.45000673,monsoon,8.854682295,341194791.2,486938675.2,3.120572032,3.15611742
leaf_76,0.756106451,1.287143667,54.64382534,0.32503921,61.23057376,0.837198097,4.963119469,tillering,7.483994018,26.47825024,34.44351093,monsoon,9.528448311,1430080291,2040147706,3.187021504,3.182721341
leaf_77,0.794143312,1.070915758,57.86934916,0.364273053,71.3100826,1.66159366,5.136748717,drying,5.865787545,10.04000918,35.10756942,winter,13.2508255,1494748286,2936516521,3.31381104,3.306379508
leaf_78,0.166640187,2.925914501,24.23623218,0.283876111,79.04380184,1.928775124,5.053140761,germination,6.440497971,19.71548892,28.16031876,monsoon,12.44615763,575063768.2,819076825.2,1.222133955,1.19747336
leaf_79,0.422619156,2.821282108,26.1931445,0.590624409,79.30993302,2.333286205,4.890446899,germination,7.24405947,16.59802941,37.55408267,summer,9.421868964,3550926038,3254878970,2.075397186,2.108099501
leaf_80,0.204282154,2.640092238,57.78945035,0.458241031,72.47956224,1.910993304,2.818017355,maturity,5.950080798,39.1365637,29.3490564,winter,11.54462785,2199176541,2325113220,1.347607179,1.341221183
leaf_81,0.876793083,1.695841288,49.46140913,0.573817552,75.65559647,1.843558541,3.351879917,germination,6.453590448,31.81726959,27.80025889,summer,7.066472863,3979192289,3587043644,3.589310278,3.595298353
leaf_82,0.660968314,2.172717988,55.31975299,0.321354217,93.79312714,1.288682293,3.87938174,drying,5.76516436,20.48960141,31.09599779,monsoon,8.663288549,1904715496,2029632056,2.86989438,2.890023354
leaf_83,0.397808222,2.783429006,28.10530537,0.512756365,73.2071967,0.502568851,3.323171966,tillering,6.290152651,12.7853526,35.95840121,monsoon,1.868981914,52723569.38,-230907659.3,1.992694075,1.973965223
leaf_84,0.157202515,2.490300577,43.50343484,0.506343458,69.03793846,0.740318517,5.019760801,tillering,5.85427091,25.50401784,39.48187268,monsoon,2.258010852,147246388.8,409518315.2,1.190675051,1.177418134
leaf_85,0.37988409,3.963356561,48.04558378,0.476662261,68.52134654,1.56910909,3.317414097,grandgrowth,6.227255498,16.40343644,37.13921897,monsoon,12.61195566,2942211824,2724291988,1.932946965,1.963955976
leaf_86,0.39266499,1.409319258,47.20447542,0.58625559,76.02176144,1.850259772,2.552928347,tillering,6.246928434,26.09288638,39.10522567,summer,1.83540318,321688795.4,549705358.4,1.975549966,1.965200115
leaf_87,0.756645561,3.085433662,36.32606763,0.357422134,86.58320521,1.334896568,3.596161808,maturity,7.486341579,35.06087063,27.10908706,winter,3.371587759,1511265376,1372050260,3.188818535,3.181265623
leaf_88,0.673801724,2.212956304,20.61579567,0.252286929,67.20958645,1.961358023,5.919657731,drying,7.489626059,28.47377656,26.06765198,summer,12.14165723,2042394345,3375184002,2.912672414,2.90566584
leaf_89,0.898491468,2.284598845,43.31704227,0.468683544,84.82536445,1.543724591,2.903525652,grandgrowth,5.729572557,29.01365259,33.36557143,winter,1.016043309,446466682.9,1801382775,3.661638228,3.637631777
leaf_90,0.524993433,3.152793297,30.12406157,0.49172392,60.74024382,0.648352391,4.448634636,maturity,6.951937559,26.23090867,29.35446225,monsoon,4.953660604,569492746.3,375151225.9,2.416644775,2.379291483
leaf_91,0.207634821,3.077308454,38.01016985,0.430024229,74.66265423,0.884032502,3.731892199,maturity,5.603490959,37.81796898,37.42082459,monsoon,9.17654121,936017473,909810453.5,1.358782738,1.346071257
leaf_92,0.741920309,3.973767981,58.3032406,0.282727157,87.15527728,2.179996446,2.284098271,maturity,5.560384031,37.95708053,35.07981807,monsoon,9.336299041,7289268113,7319487907,3.139734362,3.152528043
leaf_93,0.784706544,1.385182868,35.96141271,0.401782377,71.85565345,1.949825493,3.951506424,germination,5.710667788,25.38169603,39.56092246,monsoon,11.88014072,2961603585,2832717121,3.282355146,3.287785407
leaf_94,0.605149478,1.312328948,53.59206427,0.324875895,79.73079855,2.289523974,4.808657315,maturity,7.430971314,19.17278461,28.82188534,summer,8.082967563,2014245899,1711924405,2.683831593,2.67698439
leaf_95,0.793870462,3.173016451,27.54162423,0.370986611,67.17427315,0.735114498,4.052879903,germination,7.381727096,23.78761018,32.28676172,winter,8.131626173,1187331929,1207133444,3.31290154,3.305345775
leaf_96,0.544416037,2.735160751,46.89841992,0.45808743,85.96983869,2.480445069,5.488424255,tillering,5.887855641,15.59673737,32.51860716,winter,11.15434806,6235636585,6153821306,2.481386789,2.423936351
leaf_97,0.570459546,1.822482,59.08027818,0.498085897,61.82976861,0.918813428,3.155748067,germination,5.823344671,29.09032946,28.58765192,monsoon,7.980742486,1059924862,1178341496,2.568198488,2.586882632
leaf_98,0.484786917,1.238258107,24.07572403,0.292889876,89.83899257,0.523559753,2.344996685,maturity,5.981070173,25.00277007,33.85140099,summer,9.518875212,112491176.3,-244493150.7,2.282623055,2.302016733
leaf_99,0.122877214,1.256974749,20.33279769,0.362130144,66.93687352,2.494845878,5.746262447,drying,6.531093988,13.09901433,31.64928979,monsoon,13.56883696,200472809.9,442993689.2,1.07625738,1.095157679
leaf_100,0.197102284,3.682572624,37.34331171,0.307664628,90.60393111,1.062147771,3.512785398,drying,6.639409264,15.92943343,31.70082334,winter,6.620314107,312871417.6,-54527548.03,1.323674281,1.338008729
leaf_101,0.128286267,1.575601974,23.70501932,0.279452646,72.33852345,1.836038905,4.305622206,tillering,5.943186861,24.38895869,30.44104972,winter,6.391750993,107975390.3,-237161984,1.094287557,1.106640001
leaf_102,0.67276937,1.970114686,49.93537399,0.513354888,85.29392511,0.853364628,5.168012505,maturity,7.013245576,36.62766972,25.25394029,summer,1.049685886,435157896.4,1102272938,2.909231234,2.907244506
leaf_103,0.382920383,1.679969207,56.58194655,0.563701078,71.17288542,1.660457064,3.297254656,germination,6.119106339,26.99172162,32.83142855,winter,9.587967661,2078433818,2258868584,1.943067943,1.957342723
leaf_104,0.557713622,2.064988917,37.36083891,0.348092874,91.70690849,2.308069973,4.864658153,drying,7.344262651,30.44605001,30.02871754,summer,1.416806704,733568425.2,1010677945,2.525712073,2.551858003
leaf_105,0.916809827,1.208271528,30.34846569,0.50051157,64.43229939,1.140362335,2.541675399,grandgrowth,6.813445413,20.17085649,25.01979803,monsoon,8.058078856,435349128.7,197188787,3.722699422,3.732576405
leaf_106,0.324363006,2.557179373,37.37613276,0.558798116,66.24819262,1.840507952,3.165174989,maturity,6.372702389,27.14234179,29.61915561,monsoon,12.25927305,2099566390,2167651417,1.747876687,1.752304572
leaf_107,0.469344631,1.202837691,48.93791271,0.538449684,77.25605438,0.875807178,2.578842545,maturity,7.079824003,23.42139468,29.179425,summer,8.698894987,546262436.6,447616588.6,2.231148769,2.213982355
leaf_108,0.779996025,3.401069523,20.36216646,0.273125355,62.86784537,1.749590797,5.244922234,grandgrowth,7.135829252,29.77389738,30.9017223,monsoon,4.774906313,1334122469,2427225435,3.266653416,3.231503111
leaf_109,0.305918349,1.701136246,43.57815958,0.582516753,66.85930646,1.172900704,2.890596941,drying,6.080963211,11.51726698,26.97777984,summer,12.0063579,339658031.6,225382842.2,1.686394496,1.682032647
leaf_110,0.169281919,2.620035744,44.5316674,0.350670576,93.03182338,0.922416517,4.869614222,grandgrowth,6.179429088,24.79900649,32.61525737,monsoon,4.776038057,345446233.8,299853693.5,1.230939729,1.203774647
leaf_111,0.360776308,3.640237263,45.50752988,0.335696264,94.17713814,1.126364101,5.773193589,tillering,7.371910307,18.87977875,35.38660529,monsoon,11.26244493,3407661220,3245569196,1.869254359,1.890054528
leaf_112,0.245099159,2.952632107,29.6808832,0.224972531,73.16907653,0.857682137,4.111088836,germination,5.829482077,19.78555184,34.45278354,winter,9.543618373,236403442.3,-158055239.8,1.483663862,1.486800685
leaf_113,0.936727887,2.59887336,48.56210894,0.394469462,92.31501074,2.303832216,4.160116769,germination,5.584300834,38.82752295,37.05632421,winter,3.379948154,5602592781,5147465682,3.789092957,3.767361154
leaf_114,0.827308342,1.973001259,23.65565945,0.243605446,79.06886365,1.294373773,3.844134272,drying,6.408110645,15.48084438,31.78012432,summer,13.67187425,797551740.9,642864590,3.424361139,3.411290318
leaf_115,0.670063381,1.999005739,27.97081346,0.299415928,69.44098631,0.99055861,3.303560574,grandgrowth,7.1024198,19.33735758,32.78637596,monsoon,3.809011561,218608694.6,-314805630,2.90021127,2.887968469
leaf_116,0.884314531,3.008460866,55.09880187,0.326777049,84.58395524,1.396815682,3.902620124,maturity,7.043336213,25.29677727,37.15602911,monsoon,14.85421904,10859777812,7508482950,3.614381771,3.625987506
leaf_117,0.823304869,3.982418084,49.54892603,0.523530529,83.06156323,1.141072334,4.411230129,maturity,7.339061258,35.89080844,31.41551756,monsoon,1.102346841,1621858731,2858310858,3.411016231,3.39201592
leaf_118,0.267913053,2.98551757,20.54982216,0.55019546,94.61938617,1.988838508,5.943966289,maturity,6.566401329,22.5001025,35.52399025,winter,4.68876728,1244677682,1510413882,1.559710177,1.551368769
leaf_119,0.903303099,2.673350252,29.93505041,0.320986527,69.27665506,2.442439824,5.751058237,tillering,5.700129343,32.31595843,31.51903553,summer,3.798044162,2489541633,3329499680,3.677676995,3.671222198
leaf_120,0.585408018,3.191951531,28.57625932,0.543479248,83.52208259,1.376067313,5.448611833,tillering,6.677377949,35.69122295,31.26604292,summer,1.195907742,809726123.9,1756533749,2.618026726,2.61436878
leaf_121,0.82669614,2.395616837,30.83225312,0.542892375,61.82083143,2.2220668,5.556522143,maturity,7.056791229,19.30049067,36.40308437,summer,11.2531506,7058870421,7940571091,3.422320465,3.407390165
leaf_122,0.90648217,1.180427028,29.90239081,0.50586038,63.97761135,1.631726147,3.871396733,drying,5.686656241,21.78250551,27.62255373,monsoon,10.70796123,1198349209,1485127611,3.6882739,3.694243047
leaf_123,0.386203127,2.686890448,22.50105183,0.258678046,60.13714312,0.81447133,4.629777309,tillering,5.845314802,20.69668671,30.07878958,summer,12.0929135,301353937.5,-63874741.29,1.954010425,1.955519474
leaf_124,0.199046732,3.872875854,38.35762066,0.476129139,94.98112384,1.881245484,5.580266892,tillering,5.524581322,34.98567426,28.36258415,winter,4.593779651,1767577130,1668311515,1.330155774,1.349384113
leaf_125,0.305141646,1.525908827,49.30933899,0.578009626,88.0795794,1.526868994,3.57180306,germination,6.687305159,11.33040586,30.38664914,winter,7.220692339,529891679.4,614549542.7,1.683805488,1.659606396
leaf_126,0.48439701,3.070014672,44.26926899,0.473016192,87.53530552,1.801213047,5.847049913,germination,7.273468784,19.25263266,28.45562234,summer,10.2275893,5849900457,4687578338,2.281323366,2.269111009
leaf_127,0.836213289,1.602801066,46.91486674,0.33264674,77.84041264,2.279374825,3.663144248,drying,6.841326632,30.38225673,33.69108447,monsoon,7.156759054,3406646653,3002499903,3.454044298,3.509656172
leaf_128,0.874657525,2.607483053,23.24596714,0.400231727,70.5023479,1.380869141,4.404330662,tillering,7.464080175,26.96330499,36.97256204,winter,10.76256078,3643084739,4392831705,3.58219175,3.571334678
leaf_129,0.106256917,1.290029349,58.05962841,0.458290017,65.29424996,2.302355246,4.839218853,tillering,5.626067305,23.08868078,36.79919592,winter,9.875627718,626283651.2,1933285288,1.020856392,1.088866469
leaf_130,0.559672572,2.351112809,53.53967335,0.404228163,69.96361586,2.001338029,5.802368052,grandgrowth,7.30600217,26.19844682,30.46751447,monsoon,2.605069242,1757475940,2224049244,2.532241908,2.560055077
leaf_131,0.475669903,3.268489987,52.20361274,0.247981177,73.15899277,1.477209852,2.978465096,drying,7.128136575,15.92753757,39.83140609,monsoon,11.9346037,1748247156,1551496771,2.252233009,2.254068033
leaf_132,0.299897029,2.042714573,52.9193522,0.324825618,86.47085339,1.706444271,4.984523913,drying,6.128483041,22.92149865,33.90781547,summer,11.08946903,2045534213,1780206148,1.666323431,1.66008122
leaf_133,0.207878831,2.994735173,57.30842033,0.520958412,78.88816261,1.151162265,4.083262345,grandgrowth,7.447053104,25.05108953,30.99100453,winter,10.18168143,2028533027,2044684745,1.359596102,1.37625754
leaf_134,0.403853654,3.386349882,41.77015864,0.544567218,62.71192693,2.467194599,3.074228562,grandgrowth,6.075875496,37.03567366,37.53308919,winter,3.171310488,1981597118,2567090313,2.012845514,1.992322173
leaf_135,0.948618734,3.781533458,28.01128071,0.254920013,60.63101531,1.834702326,5.106427359,germination,7.278609448,17.82505488,35.94811019,summer,4.751950283,1612394850,2121110793,3.828729112,3.815407798
leaf_136,0.390882639,1.703926246,44.67134431,0.580954701,63.58162628,0.587693705,4.208889121,drying,7.261497154,36.03485506,36.23913005,summer,6.504478442,838354731.4,818160847.5,1.969608796,1.965780376
leaf_137,0.56691156,2.197947747,49.71525975,0.331529047,74.36745498,1.153243811,4.643895283,drying,7.015315233,29.32724202,27.94209025,winter,4.919014703,1156527262,1075277681,2.556371865,2.583086446
leaf_138,0.732717063,1.45724804,49.51669573,0.464925495,92.6617521,1.746628868,3.291604274,grandgrowth,6.626940948,10.61022493,32.02486461,winter,4.189344069,617667274,878943592.3,3.109056877,3.122473341
leaf_139,0.427266642,3.977450506,40.85796097,0.500730058,82.30908684,0.612666556,3.925095807,maturity,5.740005499,31.73894011,37.92742196,monsoon,12.27500738,2918476230,2640807323,2.090888807,2.112190687
leaf_140,0.974603874,3.781002904,22.73834877,0.524778494,88.0639065,0.547768383,4.469417004,maturity,6.563943469,11.06655633,32.56057011,monsoon,9.935251449,1113868905,2040774639,3.915346248,3.914460517
leaf_141,0.966202565,2.619871391,34.84451754,0.578299881,76.32311081,1.400048479,3.619643257,germination,6.213592511,39.9214338,35.25179115,winter,8.916609842,7691312911,5754111189,3.887341885,3.885407457
leaf_142,0.326604066,3.526099883,56.83066434,0.325167819,72.65831291,1.165380359,2.793490159,maturity,7.084434066,36.17910063,33.819006,winter,4.163337952,908326692.3,925409742.6,1.755346887,1.729771303
leaf_143,0.547523655,2.562873932,43.37795639,0.543402582,63.79401305,1.376597216,5.846561969,maturity,7.016258413,18.92031243,37.63535182,monsoon,13.85307187,5876980297,4959479064,2.491745518,2.507812992
leaf_144,0.370790479,2.870757064,41.53327773,0.252674761,90.65765578,1.02538662,4.04587016,maturity,7.321225015,17.72233691,29.2684126,summer,3.676562547,293293902.1,44883973.05,1.902634929,1.947208778
leaf_145,0.356356445,1.267373296,30.75414058,0.482016363,87.41060102,0.829435494,4.935681481,tillering,5.529660325,21.44323246,33.63212917,summer,12.12931306,579425593.2,362664606.5,1.854521483,1.875327844
leaf_146,0.133198253,3.265811261,34.7379568,0.496791092,65.88413342,1.878286714,3.644188774,germination,7.118206434,20.68500896,26.84852002,winter,14.53341733,972513553.7,1081821934,1.110660842,1.0946772
leaf_147,0.648607901,1.383140451,55.81384357,0.471089296,77.92911974,1.529142233,3.420527056,grandgrowth,7.376924106,21.17013455,35.35316165,winter,11.17929821,2967195125,2509952727,2.828693002,2.832207203
leaf_148,0.552411121,3.478202891,46.6585219,0.300925894,77.05811828,0.900308422,3.628657194,maturity,7.078600898,19.54829638,35.97951758,monsoon,14.90002285,2519022996,2301848830,2.50803707,2.552467636
leaf_149,0.146330876,3.346084263,51.49548107,0.549217259,81.87820434,1.139178853,3.636786575,tillering,5.76038892,28.63400221,25.64255982,winter,10.11471564,1004808039,1572187759,1.154436254,1.146014167
leaf_150,0.350781818,3.126234093,38.17381692,0.267543385,93.11654129,1.683615815,4.176720464,maturity,5.66255821,14.92790991,35.13686445,summer,4.04444481,440481043.5,187357433.7,1.835939393,1.824999065
leaf_151,0.917439297,1.108481142,45.20988878,0.221453917,80.29200046,0.644458697,4.17387948,tillering,5.54169048,35.37943877,31.22035231,monsoon,3.853472912,259348083.3,114598012.4,3.724797658,3.699130872
leaf_152,0.315605702,1.909385068,29.93534435,0.486985996,78.90760434,0.794906019,3.988615264,germination,6.757490452,34.37207452,26.86145314,monsoon,5.54389998,380103582.7,-24338211,1.718685672,1.702626084
leaf_153,0.230405385,1.78933771,48.21843321,0.390190286,61.76130265,0.646491208,2.53914314,maturity,6.759345304,24.29449624,31.29861322,summer,1.099820283,22226449.73,-190388303.6,1.434684616,1.453297352
leaf_154,0.540507484,2.080409222,37.10405335,0.539639208,62.20176166,2.124634665,3.984301914,tillering,7.473827428,35.58189896,27.91349395,summer,10.54377858,4639457409,3758157587,2.468358281,2.424290087
leaf_155,0.987085409,1.26292824,37.70182059,0.353358856,66.5571377,2.004818466,2.676415602,drying,6.296086348,17.4143521,31.23339298,monsoon,4.761348985,483539697.7,202057129.7,3.956951362,3.960323891
leaf_156,0.317849744,3.810873469,45.97289298,0.267311435,61.13647701,2.006625864,2.504543145,drying,6.16381257,10.52696367,30.76508542,winter,12.41256525,566634903,584951312.8,1.726165815,1.710564625
leaf_157,0.704921993,2.661406722,57.45122486,0.534576877,86.01735134,1.932650687,5.730582869,tillering,6.748849854,28.57623775,36.07587455,summer,6.028417108,11511316172,9892139094,3.016406642,3.020177164
leaf_158,0.785457654,1.916572932,22.56025386,0.419563853,85.31656064,1.838770847,4.419800053,maturity,7.151217345,23.73728221,36.61323337,monsoon,7.719390908,2370040885,2149759697,3.284858846,3.2856507
leaf_159,0.31387379,2.190944551,52.98972949,0.275678317,64.76196821,1.453983831,4.637960232,maturity,7.373547899,27.01493639,34.10542982,winter,14.51964483,2163801237,2389512411,1.712912632,1.714782296
leaf_160,0.755394714,2.341607622,31.69532442,0.488153599,89.26276153,1.784556327,3.607174681,germination,7.106248332,36.98018227,25.34030263,winter,4.390409723,2298813797,2321599945,3.184649046,3.18531391
leaf_161,0.431004819,2.801783,37.75677818,0.404445455,65.41751122,0.57672311,5.635923568,germination,6.353347961,39.09776721,38.96533419,monsoon,11.09755736,2105854607,2273256399,2.103349398,2.108625853
leaf_162,0.669075248,2.547038283,20.87653315,0.441725193,70.54114554,1.742928845,4.551721958,grandgrowth,6.769828471,29.03359419,35.2934992,summer,11.57164905,3529858691,3880705765,2.896917492,2.893538913
leaf_163,0.67017674,3.75817592,32.04184311,0.384359335,68.71419147,2.055755411,5.076679478,germination,7.212598653,32.9216677,25.51293175,winter,4.093974205,2758468783,3305827275,2.900589132,2.89880734
leaf_164,0.582197216,2.490890449,40.10524971,0.531483594,73.03074845,1.500716721,3.474249876,maturity,6.481219377,12.514253,37.28249349,summer,8.013955713,1426149022,1749984259,2.607324052,2.613273786
leaf_165,0.181260793,3.976474044,22.24704309,0.531825086,68.91323181,1.215026657,5.840047523,grandgrowth,5.933373287,14.82146755,28.00399232,monsoon,5.902826954,303103417.6,279115765.7,1.27086931,1.305443786
leaf_166,0.851772246,3.554274873,39.64382918,0.483755529,77.11328243,1.05485347,5.281845161,germination,5.839446879,31.99614415,33.68831784,summer,11.80668741,9268933730,8014021163,3.505907487,3.530169523
leaf_167,0.388702058,1.625531543,57.08442515,0.242160551,74.25927585,1.7856041,5.415793852,tillering,5.500315489,22.94096369,31.99951555,winter,9.714766466,1230201664,1421857269,1.962340195,1.97195336
leaf_168,0.267866659,3.791785644,24.21572872,0.535541545,94.52993218,1.885602397,2.68877707,drying,6.93647599,23.37895811,31.29758174,monsoon,7.663762768,1227762296,1281536646,1.559555531,1.551919899
leaf_169,0.136697627,1.349099194,50.57762912,0.468405192,61.95742225,2.2419352,3.083852831,germination,5.722194418,19.25823045,38.3457058,winter,11.91108571,470990499.4,938872655.7,1.122325425,1.138586819
leaf_170,0.631803649,3.452349125,36.38684214,0.478809666,64.97634817,1.184668165,3.142506399,germination,5.987678199,28.2206915,31.56041937,winter,4.29217798,1052080320,890541709.1,2.77267883,2.797945724
leaf_171,0.709807926,2.14186988,46.20694858,0.345193136,61.84890629,2.039544615,3.083636893,tillering,6.095752663,15.55495136,26.13016176,monsoon,11.55070633,1349734894,1859300463,3.032693086,3.022964785
leaf_172,0.114929046,3.633922961,30.40946392,0.551711822,81.90444182,1.622711648,5.421632648,maturity,6.62075972,28.80748838,39.19958091,monsoon,13.11524037,2475405628,3441374899,1.049763487,1.077704364
leaf_173,0.560883752,3.60417007,26.3796905,0.49014864,61.90782471,2.265672981,2.127539181,tillering,6.295914555,15.21396571,38.80802847,summer,13.30070236,1928250213,2017624473,2.536279175,2.545831114
leaf_174,0.303846198,3.4177762,26.41850457,0.245036187,89.27539081,1.555624217,2.304399956,germination,6.849347984,11.91478104,35.26649034,monsoon,11.9714303,370632740.4,154038883.4,1.679487326,1.660997004
leaf_175,0.680655511,3.370091309,22.81967783,0.363111214,77.91785207,1.535259657,3.095659483,maturity,5.611277319,19.91073066,32.01838792,summer,6.712198338,845032424.5,907062784.8,2.935518371,2.95522115
leaf_176,0.256929786,1.914037417,27.4258682,0.554552145,78.44526686,1.655754163,2.799491899,grandgrowth,5.747878389,16.93421026,26.39289209,monsoon,14.74531232,515101659.5,257237736.4,1.523099287,1.523938013
leaf_177,0.721843964,1.242757849,46.5687754,0.218878681,79.65580777,1.99863071,2.927438456,germination,6.498423007,36.66974916,36.86122178,winter,6.314311014,1181809609,1552016148,3.072813214,3.042043755
leaf_178,0.448061812,2.208940536,55.26762447,0.584566648,65.97847972,2.429380958,5.191772757,tillering,6.173929576,11.64860362,26.13216872,summer,9.940755587,2485654609,3510157324,2.160206039,2.161819571
leaf_179,0.94305699,1.520573545,52.56502742,0.471665027,66.91916061,0.647126708,4.252506376,grandgrowth,6.091626726,15.29841078,26.02901477,monsoon,3.255038493,258478358.4,187053358.7,3.810189966,3.800655022
leaf_180,0.22376885,3.084853267,47.40537239,0.452550391,71.1586063,0.606869205,2.023082645,drying,5.634056158,26.46158817,33.06075764,summer,14.72628458,469545711.6,790502933.1,1.412562832,1.418100848
leaf_181,0.406959716,2.03829918,24.41727454,0.308223703,80.77237455,2.375100675,3.717291063,grandgrowth,7.291438349,24.43201573,27.4019236,summer,10.85580291,1179612930,957394739.7,2.023199053,1.988319516
leaf_182,0.202126169,3.926830603,31.56749785,0.299516715,67.35412216,1.559751251,3.631539707,tillering,6.883637172,11.37556055,25.11595401,summer,11.54728563,325107228.5,266836078.2,1.340420564,1.339730983
leaf_183,0.932224256,2.922916232,32.39227501,0.576823288,64.07161045,1.729806029,2.455781078,grandgrowth,5.743236314,10.21757284,31.34670146,winter,1.920873848,244815451.5,213071695.6,3.774080855,3.782244405
leaf_184,0.889605418,3.467441691,29.99827786,0.319308982,93.95409102,1.464847203,4.704567154,tillering,5.630091915,39.64203826,27.05825847,monsoon,11.6878494,6751770186,5726260582,3.63201806,3.622570527
leaf_185,0.332147465,1.397574018,40.60022639,0.510202119,60.76936352,0.687314905,4.808388754,germination,7.449745067,29.76504101,27.40773123,monsoon,11.84612801,695158608,970009589,1.773824883,1.744004676
leaf_186,0.693985641,3.586043447,41.4221526,0.357248719,88.09440919,2.036178757,4.883572876,maturity,6.862345101,20.96218393,26.15365958,summer,10.40481817,6314185651,6145843120,2.979952138,2.992498369
leaf_187,0.83549998,3.768271572,34.27543901,0.255701628,87.58123024,1.99444929,4.913883782,drying,6.334912142,24.11296743,28.07640631,monsoon,5.086734593,2583484946,2995016339,3.451666601,3.489069282
leaf_188,0.59968073,2.461185756,34.15156635,0.204286119,70.40249398,1.123406643,2.000211308,maturity,6.903462082,17.99650361,35.7322627,winter,7.85566059,284042415.6,158630328.9,2.665602435,2.661335342
leaf_189,0.576685521,2.818758813,53.14222392,0.417702935,64.74693156,1.11247849,5.815683215,maturity,7.012663573,20.34621351,37.13390961,summer,2.546081198,1019518955,1224613467,2.588951735,2.604004772
leaf_190,0.317667062,3.294429403,51.57171393,0.590311527,65.09700263,2.175682762,5.256835068,maturity,7.059924405,29.47133402,31.78800466,winter,7.60221893,5963478048,4981422950,1.725556873,1.714095724
leaf_191,0.183792491,1.524515882,32.31183327,0.347654478,84.4101066,0.644714515,5.615926786,tillering,6.455754611,36.48435397,32.59830724,winter,4.413533936,162988767.5,3353623.664,1.279308303,1.283407207
leaf_192,0.907494182,2.507698229,56.55153775,0.342876934,82.49823069,2.262210297,2.062573181,tillering,6.359765516,15.52390069,25.48982552,monsoon,5.887357811,1258311150,1870075490,3.691647274,3.687732908
leaf_193,0.910376251,2.195989083,58.11260068,0.337636647,87.3960986,1.01332338,5.735435183,drying,5.522056169,35.21084516,26.03974392,monsoon,3.276405718,1652567206,2724441552,3.701254171,3.702033427
leaf_194,0.669791312,1.439121976,33.06970168,0.408217535,92.81184103,1.685969496,5.239154115,tillering,7.35311423,13.64669889,28.86351588,summer,4.220761148,652052036.8,834705074.4,2.899304372,2.896186899
leaf_195,0.405126812,2.102603267,34.17699795,0.376265953,84.21745771,2.371988358,5.348876572,tillering,6.706615757,16.44976671,33.15847631,winter,2.071960985,443571592.3,397258969.6,2.017089373,1.991663049
leaf_196,0.414288617,1.204516928,40.22536614,0.551965851,65.45480378,1.856245003,2.373149539,tillering,5.906307874,11.11525864,36.09326723,monsoon,13.87861913,525300924.6,644826640.7,2.047628724,2.080527244
leaf_197,0.753360111,1.077435721,57.6448325,0.402208317,68.52049159,1.328859625,4.955112116,tillering,7.339206839,14.22435586,34.07504592,summer,8.425749632,1272492472,1931710101,3.177867037,3.173191362
leaf_198,0.907399234,1.405498867,55.05277733,0.403103135,89.47678058,1.879068418,5.839666759,germination,7.329863804,37.51909436,30.88191782,summer,6.554387598,7734281318,6793864453,3.69133078,3.697042646
leaf_199,0.898377782,3.889345335,24.1027185,0.255348638,67.32571265,1.187959273,4.714189366,drying,7.478368329,23.7831624,26.7748611,monsoon,8.490408979,1639181001,2394625655,3.661259273,3.616633291
leaf_200,0.801887991,2.648588608,35.70922973,0.593095816,62.53828109,1.054516833,4.282245618,tillering,7.248113126,12.32997585,36.71159852,winter,9.796105199,2041354915,2679118985,3.339626638,3.363844871
leaf_201,0.677828482,3.897466483,42.13484759,0.299989156,84.61480189,2.493366556,5.782518711,drying,7.495568776,38.79180514,30.45679077,summer,13.90630311,25084712247,24186588166,2.926094938,2.912514446
leaf_202,0.175725968,2.297493635,40.1252989,0.229345627,74.08842244,2.001580462,3.771748487,grandgrowth,5.989372376,36.36976923,36.04081022,monsoon,3.501701332,285647642.6,107173114.8,1.252419895,1.237754454
leaf_203,0.245465843,1.935448399,27.75452272,0.4652585,92.20140184,1.789439955,4.397174265,germination,7.18449917,32.64047563,32.69468263,summer,5.137734981,876598819.6,614731899.9,1.484886142,1.50238582
leaf_204,0.90869877,2.518425589,54.35267085,0.438146548,82.75892749,1.210579286,3.905353174,tillering,7.146056618,38.00418376,36.0799308,monsoon,14.66105071,15316389889,8372672602,3.695662566,3.708791483
leaf_205,0.645786154,2.318535066,47.07763132,0.366058262,63.16466422,0.598321658,5.731384885,germination,5.961880718,16.60388263,38.60934342,summer,6.196701813,661837940.7,962019753.2,2.819287179,2.840749117
leaf_206,0.108277346,1.316994053,53.51633499,0.368876894,93.17497985,0.562113752,2.304338907,germination,5.696875098,35.09107879,38.81544274,winter,1.315863111,17345138.89,-31489097.07,1.027591155,1.078727831
leaf_207,0.191324389,2.922478944,54.35057117,0.514025568,69.04950423,1.608362511,4.004478803,grandgrowth,7.458841027,30.69973589,33.0266017,summer,3.067008897,805667758.5,1047988488,1.304414629,1.303319742
leaf_208,0.697151592,1.648114548,49.93423415,0.278285056,71.80243716,2.024065442,4.747809766,drying,6.092049103,36.09277749,32.67262547,monsoon,1.368741824,541650584.6,845623054.4,2.990505307,2.977078014
leaf_209,0.104555425,2.858763865,37.56842405,0.528101328,74.07911448,1.574758381,5.167626154,germination,7.241783581,33.90734697,28.98517698,monsoon,14.85892399,1890334091,3452843224,1.015184752,1.081933578
leaf_210,0.244727246,2.950603277,44.4218702,0.459498846,61.79285037,2.181570144,4.33207459,maturity,5.508254309,20.3948519,39.03699747,monsoon,4.904191886,925605970.4,812834864.9,1.482424154,1.49406569
leaf_211,0.59386041,1.456074559,26.41461624,0.36758791,77.37803978,0.566853066,5.635670976,grandgrowth,5.542049614,33.23195611,31.86878751,winter,13.9295986,848414001.8,940857105.4,2.646201368,2.642325189
leaf_212,0.722705678,1.184048881,46.9458167,0.383211447,64.31614719,1.233504153,5.767965788,maturity,6.431742617,17.87368909,26.91386859,monsoon,14.94240786,1628393487,1827328361,3.075685593,3.046105811
leaf_213,0.686765134,3.342284758,27.17013023,0.302658883,74.03396143,0.974140782,2.257276893,grandgrowth,5.977429368,19.85776489,31.49057372,monsoon,9.397777096,539703104.1,809623906,2.955883779,2.955098622
leaf_214,0.301842379,2.379401271,47.75798362,0.500845733,72.27484258,1.394545936,3.609482158,maturity,6.879682567,13.23717152,26.90579875,winter,1.464748411,112151546.9,-21436799.2,1.672807928,1.654272723
leaf_215,0.740961299,1.174491387,29.18392643,0.405149897,87.04940292,0.644752786,2.093836087,maturity,6.631128651,38.05229848,32.53797526,monsoon,2.142282825,106343807.1,-16112192.14,3.136537664,3.136719845
leaf_216,0.313524179,3.984598952,24.70205201,0.328341817,88.11096791,2.408263283,3.317666629,germination,5.654971595,18.7301009,33.41913272,monsoon,7.742246772,977426926.7,922271915.3,1.711747262,1.721188741
leaf_217,0.392859728,1.173341683,26.61137961,0.438420046,65.36945088,0.946510802,4.147472872,germination,5.825256593,25.61867396,30.06633642,winter,6.686408181,207023134.2,-180038034.7,1.976199094,1.961186675
leaf_218,0.771842265,3.085105687,20.07968541,0.598293781,72.82929156,2.344615551,5.643179722,grandgrowth,6.27609854,21.73998509,26.07475921,summer,9.486482281,4651747255,6476888734,3.239474215,3.220785336
leaf_219,0.684669609,3.951036776,48.74958471,0.374104912,73.06736064,1.35178631,5.38621729,drying,5.871208128,38.79784362,39.15255303,monsoon,7.143869336,8361235288,5144719493,2.948898697,2.944047901
leaf_220,0.864301069,1.717540313,49.29604196,0.56827656,65.29936554,2.471048267,2.509998907,germination,7.084444694,20.05147513,36.6002967,summer,14.07707589,6163490206,5359014827,3.547670231,3.526803709
leaf_221,0.691851603,1.426748106,40.597334,0.338006736,87.94587268,1.608116767,2.372121499,germination,6.332140471,33.35637464,37.58321621,winter,8.486356016,1530621030,2378390412,2.972838677,2.958213673
leaf_222,0.611477743,1.364154818,26.45451204,0.221893083,84.75299149,2.361665728,4.357069355,tillering,5.686863734,35.66248464,30.50302591,monsoon,10.71216486,1414915051,2073922584,2.70492581,2.695820474
leaf_223,0.184307291,1.909825443,23.3421735,0.281696843,66.66336252,0.510697977,4.12847189,germination,6.468685805,23.06819492,36.41246545,monsoon,13.55079382,119760788,-268722481.1,1.281024303,1.300204876
leaf_224,0.430944223,1.303137433,20.76515866,0.367478057,72.8352668,1.996477612,3.065510566,drying,5.681676362,21.34515443,32.28059343,winter,3.056206262,114276490.6,-292877190.7,2.103147409,2.11194841
leaf_225,0.338682131,3.076484025,26.62992708,0.287853971,63.70317587,2.306101306,5.597812338,tillering,5.757874611,32.43237463,28.01625233,monsoon,4.216285158,724432495.4,500153313.7,1.795607103,1.782061919
leaf_226,0.319590679,1.186875394,55.6342214,0.200090815,81.9872309,0.779441134,5.709465638,maturity,5.979219664,37.38687941,26.86635065,summer,2.502461247,115771903,46002416.24,1.73196893,1.736063245
leaf_227,0.975709499,2.528266384,29.66147367,0.566000615,64.24801736,0.692251703,3.610445753,maturity,7.21905541,32.64795199,30.17576304,summer,2.954937589,698796103.3,597641691.6,3.919031664,3.926558017
leaf_228,0.453787952,3.990090562,34.17085309,0.537551764,94.5076959,1.349145214,5.561210228,tillering,7.349225065,16.81379097,27.06328167,winter,8.176175537,3224147284,2819615846,2.179293174,2.182064812
leaf_229,0.9028419,3.441910809,24.21381938,0.496916893,87.32387261,2.367357812,3.535795577,tillering,7.152515459,36.64923242,39.97403464,monsoon,5.496509626,7870477595,7053048602,3.676139666,3.680858237
leaf_230,0.668024763,2.845658315,28.89445219,0.267125838,73.65834924,1.58477312,4.947267327,tillering,6.168154435,21.62745002,25.73783485,monsoon,6.924419753,1007270443,1019339020,2.893415878,2.895811582
leaf_231,0.815330173,1.918760862,40.76898283,0.24814543,80.24973763,1.554912927,3.90376887,grandgrowth,6.044892882,27.28688235,31.61715399,winter,14.75485765,2966160498,2617976527,3.384433911,3.371952037
leaf_232,0.552373384,2.871687509,44.31010732,0.2270419,91.89696357,0.782252237,2.490332626,drying,6.598311382,34.94306858,31.78140284,summer,3.193860869,334300463.5,309778331.4,2.507911279,2.559077664
leaf_233,0.619213496,2.581124392,29.81409257,0.489611676,79.39347481,0.501579022,5.711736805,drying,6.943706321,15.65184302,29.50947893,summer,8.571368991,729379639.7,1258320253,2.730711654,2.706539451
leaf_234,0.543265924,2.278250152,22.30928637,0.571523184,66.10744702,2.120280181,3.816386374,maturity,7.486745576,33.53530407,33.57027349,winter,2.384196171,848186924.5,995766321.4,2.477553081,2.414243057
leaf_235,0.275718689,1.39213113,35.64131477,0.372214328,73.25461745,0.675149126,4.937948161,maturity,5.763141424,27.88488394,27.24965536,monsoon,5.458948386,148642335,-133701926.3,1.585728963,1.591151123
leaf_236,0.750206904,3.659812646,29.36813484,0.247656269,89.51007028,1.767699637,3.468695258,maturity,5.598583998,36.80024925,36.75868571,summer,8.385362931,3480109593,3682439104,3.167356346,3.16812881
leaf_237,0.352695126,2.349353946,28.78215693,0.404957128,82.54745556,2.329232909,2.075523514,germination,6.888711778,15.15911206,29.98671577,monsoon,14.25284444,860075925.4,874146168.5,1.842317087,1.842322618
leaf_238,0.12188437,1.583867535,58.39451211,0.339532763,82.77535345,0.917303826,2.402121435,maturity,7.164451567,22.62046711,33.87013885,summer,6.477195098,124104715.2,146468508,1.072947899,1.068920668
leaf_239,0.680925066,2.103278053,44.65201944,0.34992997,90.338752,1.830545672,3.984877918,tillering,7.19269756,34.98529279,35.73458854,monsoon,1.908693747,1265494569,1749580854,2.936416888,2.949186328
leaf_240,0.259399611,2.242389258,42.27513773,0.44853225,91.28905701,0.657397153,4.759857429,maturity,6.856927098,10.5769511,38.33563177,summer,6.434260271,281812854,329869894.8,1.531332038,1.535284749
leaf_241,0.946412726,3.482613687,36.63100414,0.487487245,92.19274001,1.707510288,3.338941306,tillering,7.408031608,13.366041,37.53681155,monsoon,3.040376462,1747942545,2162599276,3.821375753,3.838887339
leaf_242,0.958535719,3.200843142,37.15777334,0.24424144,63.31972176,0.827863442,4.781953837,grandgrowth,6.522009527,39.71695638,34.12463542,winter,4.219854586,1301780334,1101947440,3.861785731,3.853005063
leaf_243,0.923377951,3.307914681,41.63620015,0.214236092,79.04441007,1.971907121,4.794542358,germination,7.327629597,18.41182536,30.82589771,summer,9.653268724,4087170841,4082562761,3.744593171,3.734141815
leaf_244,0.43314283,1.033093793,47.85719228,0.597732121,85.91783324,1.10246259,4.815743629,germination,7.435624274,39.26629581,32.54807005,winter,1.943934127,539323556.4,800385440.4,2.110476101,2.117635211
leaf_245,0.113910955,2.248461995,48.08584385,0.29309134,86.49243958,1.426782018,3.970087416,drying,7.194314914,15.47594653,36.5310219,summer,7.506132588,269961502.2,452704167.2,1.04636985,1.044710589
leaf_246,0.935486706,2.444032455,26.86775631,0.22153221,81.23506707,1.698861084,5.6595446,grandgrowth,6.119517127,20.83283329,38.16318314,summer,9.532462204,2464795819,3641538932,3.784955688,3.777383138
leaf_247,0.485365733,1.05757683,40.00451008,0.275950132,65.83755673,0.842546821,3.956786072,tillering,5.892431302,32.58608334,26.55672892,summer,6.906017493,218992818.3,-107673718.2,2.284552445,2.306081777
leaf_248,0.969989337,1.779439626,36.4783238,0.215583139,87.90971939,1.983275637,3.801060774,grandgrowth,6.59624013,29.73335222,30.77284394,monsoon,1.267768909,344146006.7,841202724.2,3.899964457,3.892001354
leaf_249,0.967257979,3.280869469,54.82107865,0.356724358,85.20389667,1.105280681,2.797523276,germination,6.406029501,27.433672,36.64174898,summer,14.797271,7789652115,6475837969,3.890859931,3.89057205
leaf_250,0.86770851,1.411329117,45.25675685,0.520960714,63.014752,1.82474372,3.230620349,tillering,7.255516684,25.89697527,31.47477644,winter,6.139620743,1947207280,2132498715,3.559028366,3.539846573
leaf_251,0.365004003,2.605930394,41.30016266,0.33649778,76.23334386,0.816566101,2.16933797,grandgrowth,5.700063342,35.30321331,29.98341646,monsoon,11.90008062,640844825.4,684413780.8,1.883346676,1.882657952
leaf_252,0.446587956,1.645605616,24.61578569,0.377673363,66.08920898,1.876235318,4.534141174,germination,6.015480123,17.04845689,31.16984045,monsoon,5.559050891,341300031.5,-198208277.8,2.155293186,2.136204844
leaf_253,0.866023004,1.036362324,44.22551557,0.470234709,71.8116966,0.756376146,2.994142976,tillering,7.003597889,23.27412781,34.0426712,summer,7.650234598,644313429.4,758212481,3.553410015,3.554270403
leaf_254,0.385229805,1.723604373,24.68815623,0.403557628,60.63283823,1.350712993,3.216621018,tillering,5.68997329,14.66356876,39.99707716,monsoon,6.438490997,187221110.5,-119273036.8,1.950766015,1.95832315
leaf_255,0.252543472,3.927621265,33.48826302,0.544578274,74.01154539,0.994412147,5.083258087,germination,6.141528828,27.87824787,32.39488644,summer,5.795549213,1087701609,1253671866,1.50847824,1.511280808
leaf_256,0.601121136,3.404611336,25.71367859,0.54641427,79.24569224,1.996750499,3.308884733,tillering,6.274310788,17.51633273,28.12741712,winter,1.305919281,303894116.5,216324480.8,2.670403787,2.683708479
leaf_257,0.942539297,3.878729933,47.68294588,0.203964278,81.68539075,1.024070009,2.968783568,germination,6.745187593,20.01526193,27.44269863,monsoon,6.04029313,988027246.6,1138554223,3.808464322,3.810242888
leaf_258,0.726426817,2.463562132,28.25008455,0.511218523,83.22216208,2.263434613,2.676230997,maturity,5.816265291,24.1375215,25.63524621,monsoon,13.45285987,3154069519,4135020318,3.08808939,3.08533699
leaf_259,0.613055053,1.329208596,35.67437493,0.38429344,89.27019596,2.283640423,5.099433609,maturity,7.221208981,10.80311757,33.38225852,winter,10.66550674,1612851358,2331781086,2.71018351,2.692438725
leaf_260,0.187458844,2.643878467,55.8269911,0.595536217,67.54120175,0.89288263,2.518825032,tillering,6.395084471,12.75813808,33.16858137,winter,3.035920027,102820992.8,-46884343.27,1.291529481,1.298500774
leaf_261,0.653506504,2.363132004,28.17265534,0.39329283,64.21686379,1.72769189,3.815015041,tillering,7.334043424,30.57787662,28.0785089,summer,9.276170065,2115226589,2949217079,2.84502168,2.840526844
leaf_262,0.991048465,3.533071248,40.31220256,0.594758378,89.80380102,0.675435283,4.027720464,germination,6.435739827,22.86909942,35.4299411,monsoon,13.49123204,7214425566,6039728065,3.97016155,3.954509404
leaf_263,0.226075614,1.294247742,36.77086645,0.501827744,65.48144852,1.283074199,4.749559651,tillering,6.050080518,35.94370666,36.11660562,winter,10.80047657,913812152.1,870177271.6,1.420252046,1.395258854
leaf_264,0.566496687,2.464723411,20.72496164,0.299441954,94.11660285,1.926643459,4.533133929,drying,5.783657657,30.84016011,28.88647308,monsoon,3.081581493,565451651.9,663041710.2,2.554988957,2.589486173
leaf_265,0.889635765,1.450145994,51.71032454,0.415357992,89.48883803,1.818846494,5.242882692,maturity,5.507490189,10.24302825,30.16149646,winter,13.14965495,2645319916,3626662075,3.632119216,3.611634531
leaf_266,0.766691756,1.974027781,22.76183625,0.596854256,77.53068121,1.749401339,2.179005736,tillering,6.56431497,28.50136992,39.85707509,monsoon,5.221616186,1183059514,1444818890,3.222305853,3.214519599
leaf_267,0.727314167,3.212071232,38.97020084,0.543012243,94.34974987,1.065081727,3.185762899,tillering,5.714313394,12.81174598,30.61396702,winter,7.35706602,1304827976,1405811986,3.091047223,3.083935986
leaf_268,0.732235676,2.428054388,42.4271318,0.238946758,63.40818552,1.256049899,3.120536475,grandgrowth,6.283455527,33.42799539,36.41202508,monsoon,8.365998636,1433101986,1940050336,3.107452252,3.114949254
leaf_269,0.423542036,2.127664855,45.13705826,0.482548799,70.60730164,0.705892289,2.584067622,tillering,6.678543522,39.74523065,31.7908814,summer,12.90709246,1376682950,1523727900,2.078473454,2.108082088
leaf_270,0.36423266,2.183428836,47.54526517,0.338231834,82.33785453,1.938045641,3.156713015,drying,6.051371794,25.93596383,36.90017242,monsoon,14.04250493,2619615448,2633366505,1.880775533,1.888576765
leaf_271,0.82842504,2.378340305,30.13089534,0.202792905,72.2502404,1.507777594,3.239061257,maturity,5.850448585,30.48338501,36.53534858,summer,14.01514029,1939638592,3014210269,3.428083466,3.411680361
leaf_272,0.829102055,3.355049632,20.39915107,0.361392388,92.49303932,1.917531265,4.087537848,grandgrowth,7.049443245,17.11942483,35.01634038,summer,1.111358538,349100333.7,747631691.2,3.430340184,3.405993645
leaf_273,0.880365087,3.676254067,48.93774649,0.293901769,62.29691309,0.99788705,4.654817916,germination,7.393582345,23.12793231,37.82167519,summer,13.9064388,6057361906,5566973892,3.601216956,3.606504443
leaf_274,0.921916497,3.86600406,41.42626397,0.527547708,79.22941412,1.148876457,3.524402054,germination,5.700880836,35.68285997,39.08827742,monsoon,1.761417524,1749915545,2051094343,3.739721658,3.728124866
leaf_275,0.560208159,3.360710159,53.44470813,0.334932244,80.68031936,1.168430675,4.877880925,maturity,5.811180649,15.02268843,33.69974981,monsoon,4.720831195,1076145759,949770580.5,2.534027197,2.552664585
leaf_276,0.551364665,1.946220687,52.85553452,0.531009478,82.84548433,0.551484819,3.344661354,germination,7.420025315,17.96606817,28.56203361,summer,8.209829966,719333084.2,986112690.4,2.504548884,2.493743301
leaf_277,0.818465661,3.064404118,53.73304671,0.200239176,68.94831782,1.182095746,3.161134709,drying,5.575568444,23.36301026,30.97943442,winter,7.718959646,1082870589,1469284028,3.394885537,3.396872337
leaf_278,0.684967538,2.312809372,39.4037864,0.32312766,72.75982496,2.106609147,4.164752223,tillering,7.455264673,31.36746676,36.3745857,monsoon,9.465937114,5183950994,5027816352,2.949891792,2.953624822
leaf_279,0.73177019,1.764011866,33.34513583,0.296466086,89.52881854,2.294596991,2.094865441,maturity,5.509288966,21.27651864,34.76325228,monsoon,7.712247202,862932047.1,946839859.3,3.105900632,3.092899671
leaf_280,0.816213402,3.522614738,51.6623281,0.293426944,66.82299691,1.536436631,2.319156495,grandgrowth,7.247337311,37.83196839,27.66697508,monsoon,14.08125951,5542734684,5178412551,3.387378008,3.394826028
leaf_281,0.901004808,1.115279047,38.05176452,0.227274648,88.94037465,1.41100339,3.671878174,tillering,6.114650362,12.83371154,25.76859312,monsoon,4.367683875,176842861.4,-167443641.7,3.670016025,3.67402894
leaf_282,0.404195641,3.705285976,27.33768786,0.274849708,79.6929398,0.561649237,5.771650846,germination,7.377177716,21.12412593,35.2444239,summer,4.836345717,386102170.5,202004613.8,2.013985471,1.99112901
leaf_283,0.438024657,2.384432394,54.19896078,0.422219828,86.67656289,2.258408675,4.886047119,germination,6.133890577,31.2686237,28.76618536,winter,13.8903311,8759608344,6805176513,2.126748858,2.144446695
leaf_284,0.184583746,2.91160443,55.30239507,0.316544429,84.97625782,0.526020427,2.352506278,grandgrowth,6.808612643,16.77960297,32.49505366,winter,2.074353192,38093047.5,-66686544.76,1.28194582,1.301257818
leaf_285,0.620452127,2.978061767,38.65239025,0.366957913,67.26290234,2.38950016,5.385272051,drying,5.66006514,29.69239403,36.20120159,winter,9.533851507,6578894529,7438427117,2.734840423,2.692552894
leaf_286,0.132348046,3.685353222,23.02798909,0.350746752,79.90844578,1.478432497,4.929203082,grandgrowth,5.984659623,14.92650875,33.44000171,winter,10.54430333,361300950.1,723046954.7,1.107826821,1.109729209
leaf_287,0.519038216,2.910009047,35.5130436,0.55036197,90.37031035,1.183868987,4.443786103,maturity,7.047358693,11.67940855,26.24953875,summer,8.077584128,1224709107,1079541177,2.396794054,2.371682438
leaf_288,0.588380171,2.841800754,52.14150638,0.5621196,75.12406829,2.34843687,5.281171842,grandgrowth,6.557371707,13.6304715,27.78370355,monsoon,10.7192463,6077392928,6607977471,2.627933904,2.616753568
leaf_289,0.357887127,1.199956122,56.07096114,0.397182789,93.83067696,0.548781986,3.616439391,germination,7.355938124,37.89954349,28.28992276,monsoon,3.418565044,240095163.6,415802667.1,1.859623756,1.880619095
leaf_290,0.631749935,2.555224066,28.1389097,0.33206238,75.8275285,1.66284979,2.886004203,drying,6.357502817,26.55252649,28.8679638,summer,12.93685126,1730155630,3012188169,2.772499782,2.796003583
leaf_291,0.127450225,1.450507002,22.67894448,0.242720282,64.99749728,1.597865049,4.048093556,drying,7.239624732,33.89037326,33.48105088,monsoon,2.960359653,52021465.53,-203901356.9,1.09150075,1.102503903
leaf_292,0.13361337,3.212301306,55.09401813,0.581361152,73.6302138,0.938640802,4.195367022,grandgrowth,6.397910875,19.97963503,32.5594867,summer,6.61137422,548412225.8,853769535.9,1.112044566,1.113771519
leaf_293,0.840340505,2.536665762,35.57619756,0.224090778,93.30958422,1.357774863,4.153305488,maturity,7.458496557,27.77975944,28.04740058,winter,2.053606418,533592307.3,840283541,3.467801682,3.497798654
leaf_294,0.424171577,3.040683338,41.67043857,0.319060111,71.19022973,1.804528012,4.260295166,germination,7.419668763,24.84856401,26.01332265,summer,8.632955103,1942889858,2242543910,2.080571924,2.106126539
leaf_295,0.214354461,1.125018702,58.72263248,0.31922648,90.3834356,1.954262394,5.794819673,tillering,6.158273411,38.37213878,27.57148307,monsoon,10.3764413,1564090506,2063384970,1.381181538,1.393992948
leaf_296,0.570018934,1.254376048,22.66258912,0.328160514,90.84377386,0.501433717,5.608982492,drying,7.271847341,32.42723908,39.76571969,monsoon,14.17710289,903081067.4,1068674195,2.56672978,2.581681909
leaf_297,0.792994198,3.148970164,45.9327203,0.265714737,72.25652835,2.37370686,5.502868146,grandgrowth,7.195222748,31.91627894,32.02820425,monsoon,11.35070674,12007473594,10980848223,3.309980659,3.277129421
leaf_298,0.294238925,1.216253008,22.9642169,0.513264572,62.91401803,0.829050745,5.205667244,maturity,5.921360795,11.39059808,38.01018257,winter,8.57544083,125897291.7,175875216.6,1.647463082,1.62055337
leaf_299,0.660601428,1.213770183,35.01875714,0.248999145,85.35952682,0.967160868,5.773712429,maturity,6.748580802,26.49009007,37.731287,summer,14.05663824,1579899276,2000504266,2.868671427,2.883192126
leaf_300,0.176812718,1.036325426,52.15258181,0.453962664,70.90293047,1.026946891,2.393978567,germination,5.645364631,24.00974362,32.67279336,summer,7.698115733,128901585.2,16509305.78,1.256042395,1.260259398
leaf_301,0.146513549,3.869504195,37.33888931,0.249538411,87.4023265,0.575640273,3.060493046,drying,7.173421441,37.835268,35.60031563,monsoon,8.856879143,348036829.1,487992901.7,1.155045164,1.153581716
leaf_302,0.578219168,3.212525078,59.88729416,0.228214255,75.49291969,0.746104247,3.980223783,germination,5.849091767,17.72025965,27.89128016,summer,9.345379387,768818103,789845848,2.594063895,2.600586836
leaf_303,0.586571609,2.059754226,42.3623714,0.563771801,76.98433598,2.472699846,5.386137972,tillering,5.641629403,18.0950036,35.32595057,monsoon,6.739716162,3595340234,3661697702,2.621905365,2.633938422
leaf_304,0.673686911,1.889606744,32.84648611,0.276051507,87.22682924,1.130433475,4.020662846,tillering,6.300438191,22.34038747,29.08576869,summer,12.73875767,1193274644,512342822.2,2.912289704,2.912126223
leaf_305,0.7534822,2.049109689,28.80445304,0.528500062,73.38271659,0.730602181,4.992138957,tillering,6.653844277,17.3010914,37.48093145,winter,3.592463144,487554454,107230942.1,3.178274001,3.183994538
leaf_306,0.978266872,3.323960594,34.02082137,0.417852348,75.50945709,0.713982522,2.555839621,maturity,7.209833917,13.87551753,26.255862,winter,8.767790665,733439491.9,589877195.3,3.927556238,3.940353726
leaf_307,0.564670313,2.984111833,34.90133095,0.231142608,73.16666641,1.938919935,3.009655252,drying,7.448485051,35.7224454,36.59708009,summer,11.11126559,3139865500,2879958020,2.548901045,2.593490403
leaf_308,0.390660826,1.555586704,22.74854711,0.582179277,72.85691803,2.209137328,4.92710438,germination,6.378985025,26.74829573,26.4990536,winter,13.65566641,1970383359,1896662320,1.968869419,1.966136087
leaf_309,0.815667575,1.522328006,34.78296798,0.298784467,78.40813019,1.013904599,2.658936036,germination,5.620893846,35.84088157,38.21783855,winter,13.37485755,1404499297,1545164686,3.385558584,3.362735486
leaf_310,0.343749026,1.295186949,38.56954079,0.543858138,88.30798056,0.541819025,3.405423739,tillering,6.998231158,34.93404296,29.56306777,winter,8.122364052,446651180.7,397307548.5,1.812496754,1.827846611
leaf_311,0.495074279,2.980908159,48.90951009,0.267524002,72.66189092,0.946180037,3.059465031,drying,6.630346512,18.46127064,34.81590047,monsoon,10.00426032,865827609,867636586.3,2.316914262,2.319111206
leaf_312,0.170610743,3.293117987,46.26917939,0.541577153,78.34891522,0.613031382,3.399446777,drying,6.39578269,26.43212333,32.31253418,summer,6.519328306,409316607.7,432863859.9,1.235369144,1.209016329
leaf_313,0.122815669,1.795139285,48.35062621,0.205291525,83.47545639,0.706789873,4.833296196,grandgrowth,6.118537758,12.49653108,30.49454718,summer,7.55448868,54960664.04,-224726219.3,1.07605223,1.096850126
leaf_314,0.966383573,1.062834883,20.33454728,0.404712183,69.43038062,1.36301624,3.471388725,drying,6.504797056,37.45755652,34.6816275,monsoon,13.6877211,1605919477,2328760033,3.887945244,3.864660972
leaf_315,0.852382108,1.246515002,28.70669598,0.507777032,69.71329817,0.959836742,4.22105329,drying,6.177359209,22.12788145,39.21284471,monsoon,14.0298559,1644811711,1958340705,3.507940362,3.510077378
leaf_316,0.726376785,3.903580105,46.46737154,0.573918207,92.66945945,1.531891757,2.399727508,germination,7.014023735,21.81028552,25.61904621,winter,13.53579681,6832744327,6666793669,3.087922618,3.057477659
leaf_317,0.46805765,1.886334332,39.35957473,0.563680854,85.32371007,1.006987507,5.220070773,drying,6.587787393,19.08266112,38.78279284,summer,2.937192065,629059676.2,472634790.7,2.226858833,2.217171865
leaf_318,0.255964888,3.307669444,20.21253903,0.527849948,80.20153367,2.381074602,3.479554503,drying,7.253695548,23.81991234,34.13622483,monsoon,12.9011763,2283639031,2510420745,1.51988296,1.516597519
leaf_319,0.240793338,2.873990707,52.1797857,0.55527654,82.6702019,2.311887936,4.594136636,germination,6.587087829,17.5527816,37.10971451,winter,14.27709223,5392596361,4942332696,1.469311128,1.508631514
leaf_320,0.325218608,2.145818919,50.91238293,0.279687874,61.02548051,1.63361221,4.901558407,drying,5.976524827,21.24556818,30.7581243,summer,6.057495724,574380816.6,199869992.1,1.750728694,1.740646029
leaf_321,0.594303998,1.617061787,41.93676652,0.313673718,81.63360379,1.208847984,2.838643688,germination,7.202183764,33.99841146,32.07764462,winter,8.261048052,1148921431,1182165500,2.647679994,2.635621381
leaf_322,0.74313633,1.364159254,22.65853303,0.31558741,77.83281056,1.262293764,5.53869994,grandgrowth,6.61443809,35.02766511,38.03276128,summer,11.90733358,2069486226,2375815882,3.143787768,3.166469725
leaf_323,0.694177639,2.845038904,50.66060198,0.350821572,79.10123879,1.323704566,4.464897006,maturity,5.913682076,19.12547433,31.22271955,winter,8.869093926,2569753332,2373588642,2.98059213,2.982770496
leaf_324,0.351940507,3.323901342,43.34854351,0.357328268,72.57983394,1.955158644,3.714900567,germination,6.74701562,24.07043292,33.0198935,summer,14.9087693,3818453581,2845194082,1.839801691,1.83241446
leaf_325,0.959378753,2.931712761,51.27839909,0.41782213,62.85158642,1.403277991,2.729340734,germination,6.21543353,36.21459329,25.30292385,summer,7.379987112,3048642357,3354355104,3.864595842,3.883784057
leaf_326,0.764107225,2.5909064,50.0698797,0.263951905,66.76687318,2.213459893,5.769203752,drying,7.188811225,11.58019995,27.37897009,summer,10.99519796,2795240973,3705127270,3.21369075,3.208389226
leaf_327,0.598918647,1.12585367,52.12008288,0.476498666,93.27606496,2.388189572,5.020272817,germination,6.406599477,36.67434886,34.62529762,summer,12.09627596,9214846245,8912934976,2.663062158,2.683265153
leaf_328,0.650548672,3.905466333,40.72032266,0.267026616,74.30448468,1.171892307,2.832098251,tillering,6.952882716,16.57553037,35.75465352,winter,7.917405821,1111340961,949708022.7,2.835162239,2.839637453
leaf_329,0.477640056,3.396142575,25.61298073,0.324123393,76.33391045,1.621388963,3.350843099,tillering,5.691072415,30.35617733,33.73901405,monsoon,12.99777328,2115575417,2573004339,2.258800187,2.258121251
leaf_330,0.322957891,1.87846611,46.84629894,0.401338052,61.84484264,0.690113074,5.238697032,grandgrowth,6.292048693,27.47655089,27.14965054,summer,8.646164277,517480436.4,678330714.9,1.743192969,1.735898296
leaf_331,0.420375411,3.939910988,44.8189514,0.518576225,61.31481803,0.900938096,4.782710653,germination,7.466482873,26.58822245,31.68108143,summer,6.763111155,2162989516,2553277751,2.067918036,2.103041346
leaf_332,0.782061499,2.805644769,49.69012749,0.495787693,85.10135065,1.326931533,5.063137171,drying,7.116920579,35.78080674,30.3264215,summer,2.509531434,2994816121,3367599595,3.273538331,3.241959268
leaf_333,0.11295414,2.747267975,26.79524024,0.458213743,78.83331324,0.912405432,3.764804409,drying,5.819881605,13.04716431,32.43492016,summer,6.507790069,82682891.42,-12446021.83,1.043180466,1.045447129
leaf_334,0.204465376,3.244219538,27.799008,0.262309304,77.80470945,2.253120982,4.865905051,maturity,6.055528099,20.41084076,38.05493552,winter,11.27511037,1094061531,847700415.3,1.348217922,1.346463997
leaf_335,0.141402378,3.435309364,55.61638069,0.418818138,68.50935856,0.816572512,3.545974891,grandgrowth,6.159631618,26.14758239,36.63792158,monsoon,13.89800976,920387708.1,1537645347,1.138007926,1.146650378
leaf_336,0.136655922,2.969435822,49.99911194,0.234978601,86.06627561,1.411321643,2.845051668,drying,6.800731121,34.33866562,26.25984252,monsoon,4.523511654,228517270.5,-87747936.32,1.122186407,1.123410098
leaf_337,0.869914526,1.384287239,56.32913955,0.350945271,65.88828027,1.711398481,4.530708139,maturity,7.013989519,16.4932925,38.35463797,monsoon,5.973297243,1611666590,1777217190,3.566381752,3.53977562
leaf_338,0.733292073,2.014802518,50.34861285,0.365406612,66.64771603,1.883727816,5.904055702,drying,6.999053218,34.08789524,32.07650727,winter,3.155453917,2432683765,2363592279,3.110973578,3.146742946
leaf_339,0.526756446,3.784250921,43.88621224,0.215924576,76.124926,1.266138739,3.242403886,maturity,6.519748113,21.98915447,36.15793217,monsoon,10.67012052,1632591430,1565066640,2.422521487,2.387951838
leaf_340,0.188050745,1.673846836,46.16530948,0.30959524,70.01979517,2.238198137,3.843878369,tillering,7.121641076,15.66741569,27.10058847,winter,14.44263802,591783023.2,408995886.1,1.293502482,1.281101833
leaf_341,0.542454288,2.116501072,55.56511696,0.582259787,68.66120434,1.636638302,4.696005484,tillering,6.374156166,32.76959321,35.06079289,winter,9.973331078,7158451970,6001941217,2.474847625,2.434531044
leaf_342,0.526124594,2.296230649,43.15227018,0.581453043,82.58331756,1.379015561,4.166025128,drying,5.747761131,12.72696704,28.54489026,summer,9.63907142,1447314780,1787654000,2.420415312,2.386914266
leaf_343,0.255881683,2.318214969,45.29565297,0.340930822,82.78401108,0.634481268,5.373711183,grandgrowth,6.628883683,25.44302122,31.57571346,winter,8.748859027,602336192.3,1035988346,1.51960561,1.514148558
leaf_344,0.490466484,2.838818747,26.25906864,0.217240044,88.85809744,1.429378937,5.046970826,germination,7.404602769,11.91627352,25.25294305,monsoon,2.23838037,126969527.3,-50452430.32,2.301554948,2.316594496
leaf_345,0.458654261,3.829227513,38.9568488,0.271637976,74.61979984,2.141471682,2.233188815,grandgrowth,7.085987303,20.69253565,27.27415957,monsoon,11.21305357,1487038211,1048551342,2.195514203,2.189580135
leaf_346,0.654265088,1.722078135,48.65588448,0.356887117,62.55797819,1.729082036,5.993684936,grandgrowth,6.657401295,28.03230397,26.3812074,monsoon,9.42869361,2944047290,3769038054,2.847550294,2.838350943
leaf_347,0.671584286,1.364504129,30.83770793,0.579111879,69.57832347,2.164324907,5.009609815,germination,6.793611321,26.68346624,28.59616259,summer,10.26067476,3283347788,3707973708,2.905280953,2.910465778
leaf_348,0.140773609,1.59241147,28.09016722,0.256479625,94.30019121,1.488023341,5.455613265,tillering,7.361124054,22.13966254,26.50027135,summer,13.5833553,362653730.9,383658150.5,1.135912029,1.134591002
leaf_349,0.437151353,3.660774701,32.55307233,0.505406337,80.86905013,0.73692341,4.604790848,tillering,6.356685589,22.87143982,35.3786504,summer,11.97545102,2225253438,1915679063,2.123837844,2.12810665
leaf_350,0.663273924,2.937432438,29.66002512,0.243473016,84.84079797,0.527279692,5.425140512,germination,6.162788278,16.8030866,25.43559853,winter,11.93281353,536612856.8,1062992004,2.877579747,2.880734655
leaf_351,0.552822633,1.857720368,28.59650548,0.592503031,60.25752404,1.106439093,2.4495319,maturity,7.45448313,23.67647765,34.26610751,monsoon,13.98057276,1201395399,838789294.1,2.509408776,2.546826007
leaf_352,0.870840857,3.447840817,36.99403371,0.3526466,78.13720063,1.895980943,3.390951342,grandgrowth,7.226886267,38.59764567,27.11061746,winter,14.85908932,11055653208,6521980320,3.569469524,3.540235642
leaf_353,0.692824268,3.584109989,56.31354056,0.510093816,61.31350301,2.080519808,5.505683774,drying,6.146087169,35.51358753,39.17742186,winter,9.137958247,19572885181,17273136345,2.976080895,2.953031638
leaf_354,0.246640984,3.539543016,40.28238587,0.337036433,79.92305742,1.091505669,2.806620845,tillering,6.427561195,14.35698607,38.9964111,monsoon,2.524342624,131807083.5,74043374.03,1.488803281,1.510731242
leaf_355,0.163511873,3.756779601,27.51681523,0.451067551,92.22697974,1.491307842,2.312968394,drying,6.330156258,10.89342362,28.38254654,summer,7.427818709,176303620.5,141736062.5,1.211706242,1.229491753
leaf_356,0.67817735,1.756723061,23.07886678,0.276806434,93.89466957,1.342237809,5.15247576,germination,5.798191357,38.00572938,34.21631947,monsoon,12.02641605,2240808503,2268032147,2.927257835,2.944845064
leaf_357,0.123860179,3.265125786,47.84624581,0.258408408,78.91934364,1.321045569,5.341944623,drying,7.415638648,25.8024925,25.42007979,winter,1.388154547,94011661.23,117252321.9,1.079533932,1.060395835
leaf_358,0.627198023,2.381618492,35.31195058,0.575225656,76.03716818,0.962697426,2.650608873,drying,6.308624862,26.13513469,38.97682815,winter,1.796424137,339815394,494805589.4,2.757326744,2.741141309
leaf_359,0.946207217,3.525995659,52.87323786,0.567058911,93.0755983,0.77274221,5.417383931,grandgrowth,7.250658165,33.42153987,32.84480962,summer,1.940208953,3009409915,4331164381,3.820690724,3.838219853
leaf_360,0.61792676,3.185472031,46.38043075,0.554987576,83.57634412,0.893377116,4.747071182,germination,5.878712455,19.44066922,25.64834727,winter,11.23450062,2956986674,3032678235,2.726422534,2.701525368
leaf_361,0.449352934,3.329342339,51.84965802,0.45017338,62.27147478,0.610664774,4.080330733,drying,6.595741621,24.45722707,30.1374999,winter,8.0163328,1055803126,1024602207,2.164509779,2.133054174
leaf_362,0.678959397,2.968485513,30.87784158,0.523307284,76.30039522,0.896261484,5.321000771,tillering,5.54792277,39.05988739,26.15274193,monsoon,6.164571209,2070087937,2844336235,2.929864655,2.952548345
leaf_363,0.512427601,1.532286308,47.6943569,0.227614775,68.40857565,0.518401795,3.676996997,germination,7.028440968,30.16446061,30.89416659,summer,2.478638634,90224497.17,-128362057.6,2.374758671,2.365537304
leaf_364,0.59105511,2.635080757,30.56247939,0.333915617,76.44315125,1.754516801,2.775975825,tillering,6.661827796,14.61235096,35.04889513,monsoon,11.2513635,1135852668,1484328618,2.636850368,2.64718131
leaf_365,0.947318328,3.954009219,57.56273918,0.32548125,75.94129502,1.132750815,3.139410706,maturity,6.751179167,13.99680244,32.04834862,monsoon,5.494277348,1576726138,1694309416,3.824394426,3.827765187
leaf_366,0.447492374,3.812164199,45.45497126,0.454258129,80.3750681,2.446289423,4.020656073,drying,5.603441765,16.12794275,30.75583262,monsoon,4.714536981,1824474613,2273289787,2.158307913,2.152308994
leaf_367,0.965071507,1.129521207,32.98047201,0.342383109,72.48696716,0.887434102,4.125323171,germination,5.92207666,33.00135023,26.78735568,winter,10.13246882,866359135.9,1094602528,3.883571691,3.887112886
leaf_368,0.914815578,1.494444447,30.78047449,0.259402713,65.74946573,1.191657141,5.222323306,tillering,5.648661745,18.86131012,28.67408569,winter,8.826152496,602169684.7,728077300,3.716051926,3.72981876
leaf_369,0.276212021,1.39518632,27.6370634,0.43858683,77.63018021,1.215682317,5.165410895,drying,6.077828632,10.6416654,26.50214932,summer,6.073748985,118534241.7,-91800231.5,1.587373404,1.588906862
leaf_370,0.162425171,3.17793973,47.78563836,0.525753568,89.05710095,0.516902992,4.325466229,grandgrowth,6.754878015,38.32523091,37.11248097,winter,9.980824591,1238077528,1856615347,1.208083903,1.218883304
leaf_371,0.190700201,3.45335599,28.74862452,0.352849398,83.24042798,2.178415906,5.123141933,tillering,6.632371969,15.09140249,27.02859742,summer,4.797101285,402699716.3,148865726.4,1.302334004,1.275816653
leaf_372,0.116399643,1.640534099,43.81213064,0.252907486,71.84287531,0.56398892,2.767093833,tillering,6.724299643,10.28674558,33.9306005,monsoon,12.12762366,33762410.95,-153303122.9,1.054665477,1.078630399
leaf_373,0.184998665,2.517558079,30.58540108,0.278675279,92.7433058,2.380359669,2.200258108,maturity,6.598502543,17.11394807,30.1411062,monsoon,4.210465304,138170199.5,33129938.2,1.283328882,1.303576044
leaf_374,0.714706096,3.522109084,46.47875779,0.294993322,91.92726499,2.284148702,5.494535291,grandgrowth,6.046057591,17.05086361,28.38967577,winter,3.223727735,1878469375,2204515251,3.04902032,3.042023618
leaf_375,0.164069784,3.198404634,52.59758914,0.319959037,67.32719398,1.571043832,2.302217975,maturity,5.989014995,22.66015753,34.59202659,winter,11.95415173,603435126.9,935639409.7,1.213565945,1.218552307
leaf_376,0.387078067,2.626711616,51.12100973,0.457118028,61.37961548,1.58719115,2.986753719,grandgrowth,5.774119367,37.61169495,31.85503464,summer,10.91048843,2609110564,2470089381,1.956926891,1.959595377
leaf_377,0.86038778,2.771043071,50.43405324,0.440378194,85.94580479,1.807555846,4.781275798,tillering,7.19814175,36.37554753,31.00218201,winter,3.55694566,5678280221,4647888007,3.534625933,3.538424576
leaf_378,0.120944742,2.525081641,27.50889623,0.478431945,88.96635915,1.274100024,3.637791751,maturity,6.732958717,23.70683665,33.89278007,winter,2.627440538,117791127.9,-52463136.36,1.069815807,1.058008508
leaf_379,0.833021634,1.892645354,23.53539788,0.345000794,93.87525981,1.794444567,5.50525588,drying,5.873022025,22.32699715,32.36901443,winter,12.73758724,3209256794,2989266920,3.443405448,3.413909715
leaf_380,0.353669297,2.695065979,47.95795314,0.529599061,91.14427379,0.589536777,3.191919179,grandgrowth,5.85441876,26.65027259,29.55226313,monsoon,11.87237875,1136451003,1464286115,1.845564324,1.836205063
leaf_381,0.206348345,3.066655906,34.73388855,0.281635064,81.01871689,0.608095255,2.047485387,tillering,7.246071203,17.30362036,33.38591932,winter,5.581603232,72948411.04,-168199003.2,1.354494483,1.392534703
leaf_382,0.727063449,3.619968748,37.29384906,0.387616299,78.55183187,1.414460839,3.202622562,germination,6.985461728,11.56554976,35.04247865,winter,10.21476371,1957599849,3818541080,3.090211496,3.090954925
leaf_383,0.666048562,2.908874062,21.24596371,0.520375489,60.97443679,1.599244602,4.312300197,grandgrowth,6.81879816,38.17672409,25.40039738,monsoon,2.738242612,815426259.2,872150348.6,2.88682854,2.888226816
leaf_384,0.889724812,3.283364611,30.38305797,0.272063459,68.63297564,2.275635281,3.503753502,grandgrowth,6.313728215,15.60096955,31.98807593,monsoon,8.098667227,1685988831,1633878352,3.632416041,3.628137023
leaf_385,0.761563939,1.480214905,21.34705615,0.243945245,76.08651631,0.709321268,4.139491023,drying,6.023951129,15.95202188,25.86524927,monsoon,1.262224089,20572138.3,-538620177.7,3.205213131,3.201135508
leaf_386,0.823132837,2.384672423,55.1674309,0.553473587,81.9976365,2.145295854,5.506392475,grandgrowth,7.458901526,24.17380987,27.79608121,monsoon,6.482426333,9430726492,8449386936,3.410442791,3.411712634
leaf_387,0.353831115,1.027994859,29.73586733,0.337171865,79.50381417,0.920094675,5.649940217,grandgrowth,7.09447915,24.74840035,33.40763101,winter,2.047799501,90521971.44,-102243035.9,1.846103718,1.834491121
leaf_388,0.259695589,1.740036594,42.29348678,0.47354805,85.99225964,1.288167297,3.063896259,drying,6.103558446,10.55302629,37.99283373,winter,7.652060522,287591735.3,146587742.1,1.532318631,1.536701987
leaf_389,0.775553276,3.179385145,21.55917283,0.210139442,69.79184258,1.13320487,3.848561893,drying,7.195129593,14.43864216,38.24208519,winter,6.903543056,466288385.6,240678471.7,3.251844255,3.234988564
leaf_390,0.826151265,3.975429854,46.67389565,0.476018755,79.77334127,1.300310546,4.196576061,maturity,7.017863897,21.34464456,26.04916015,summer,7.221390373,4475279563,3996577819,3.420504218,3.399197758
leaf_391,0.991454628,1.297534299,32.92109383,0.326440525,63.08497852,0.800990996,5.796449828,tillering,6.0941611,30.51192081,31.28657629,monsoon,1.634638229,192539067.9,240511378.4,3.971515426,3.961697658
leaf_392,0.471355909,2.204482948,55.91676748,0.222296341,74.47829333,1.507140149,5.994469277,tillering,6.353105708,16.8525537,33.74509725,winter,6.062628778,951826150.5,1042229007,2.237853031,2.249881969
leaf_393,0.434816277,3.400212906,55.52472756,0.443925105,86.25562915,2.10328518,2.941628995,maturity,5.871906891,22.69043339,27.20604857,winter,11.59077389,4085558299,4230079317,2.116054257,2.122645493
leaf_394,0.798771665,1.612106904,33.01162473,0.296321526,84.26902987,1.383068021,4.907919485,tillering,5.722104889,26.72035194,36.48148325,winter,6.164801227,1238839692,1394832382,3.329238882,3.343890606
leaf_395,0.406723186,2.665254848,56.03843583,0.354722897,94.6724958,1.481227152,3.512124249,grandgrowth,6.945524066,36.65777484,36.16352888,monsoon,11.01240734,5380497777,3645845433,2.022410621,1.995501271
leaf_396,0.937681593,3.199213888,59.84630694,0.232232325,69.72618941,2.197535171,2.032432788,maturity,6.035023715,19.78211507,38.55011521,monsoon,6.172702131,1844290634,2275691222,3.792271977,3.769143485
leaf_397,0.872571477,2.847956351,53.01662656,0.2588653,77.43662547,1.912116229,2.03701009,maturity,7.140118731,14.00674798,25.12729018,monsoon,6.925352181,895105919.1,763999290.5,3.575238256,3.537575634
leaf_398,0.486094625,1.564074204,53.79485391,0.319190894,71.53356448,1.480908817,3.84226403,tillering,7.491217423,24.67816678,28.25026366,winter,8.89448958,1234166135,1263228956,2.286982082,2.312353934
leaf_399,0.775783961,2.066153706,29.96034944,0.2359038,75.42110899,1.015391296,3.953339652,germination,5.653239628,32.40164805,37.40780071,monsoon,14.30954712,1681505444,1513036042,3.252613203,3.240839488
leaf_400,0.779088587,3.351375353,43.06809595,0.564330506,89.99325455,2.269853494,2.090278786,tillering,6.44607025,13.29579271,35.05870076,winter,2.524046253,1027503978,1482522277,3.263628622,3.218698311
leaf_401,0.192811482,2.662679542,22.69023656,0.202418817,83.94731763,1.654040803,4.747709667,germination,7.104125119,22.74050475,38.41584781,summer,1.460792761,70462594.92,8967997.821,1.309371607,1.3100075
leaf_402,0.912297616,1.015688841,23.79671747,0.393544088,90.8854417,0.94229522,3.176013554,maturity,7.077901793,10.53355424,25.85769482,monsoon,9.511400573,216398913.3,140991324.5,3.70765872,3.710052009
leaf_403,0.554727135,3.28297228,59.95570448,0.249298983,67.12288879,1.038239505,4.239572406,germination,7.019994317,11.00677545,33.95445949,monsoon,14.28735924,1507313356,1681581597,2.515757117,2.546289557
leaf_404,0.843811719,1.105934065,33.06556998,0.323071636,90.56763912,2.106266178,3.203676293,grandgrowth,6.197989871,24.4886009,33.53569862,winter,14.85612386,2303468459,2817650161,3.479372398,3.503999888
leaf_405,0.388044641,3.237201348,49.92735648,0.570423824,62.0916796,0.588291124,2.668537259,drying,6.407706511,18.94591894,25.53511625,monsoon,7.778299463,420433579,305823045.4,1.960148803,1.958437217
leaf_406,0.905970906,1.60744168,52.26660212,0.264677821,91.10097482,2.484184374,3.628694954,germination,6.689936715,35.35321897,32.70283115,monsoon,7.553142695,4832619744,6109564001,3.686569685,3.688360327
leaf_407,0.450281511,3.87422044,54.32093084,0.586332928,71.51758228,0.760703359,2.929093459,drying,7.447881167,28.06462918,34.14280467,winter,10.02949279,3168702989,3407571159,2.167605036,2.164534329
leaf_408,0.109753886,2.103822254,59.9051319,0.282317751,71.01056717,2.092137051,4.139203908,grandgrowth,6.155094542,23.61798885,27.86939761,winter,8.778886601,427047089.3,733134724.9,1.032512954,1.053712888
leaf_409,0.914843779,1.980794849,29.65985941,0.496626443,77.92310018,1.289550634,2.795314121,drying,7.346287775,22.23806113,29.09994375,winter,9.877232807,1760284669,1371779089,3.716145929,3.74069656
leaf_410,0.182158009,1.446664151,21.61403307,0.418670906,92.92415657,1.484432367,4.033623907,grandgrowth,6.038713836,24.91736441,34.60521019,summer,13.23599196,457218267.4,626140543.3,1.27386003,1.279742759
leaf_411,0.387382274,1.916812646,36.44766072,0.553791491,61.67234776,2.261301155,2.629514059,drying,7.478148931,11.21316494,32.02451421,winter,11.44828637,844841213.2,953663226.5,1.957940913,1.960716523
leaf_412,0.95505577,3.629952285,25.20322679,0.421597302,72.32808413,1.325822379,4.683898838,drying,6.840527374,36.78380069,37.87020486,monsoon,7.956283484,6272021333,5414901331,3.850185901,3.862634405
leaf_413,0.955546432,3.989003013,20.89703557,0.413823688,89.9800196,1.574987507,5.015750738,tillering,6.427022961,39.94909467,30.13572649,summer,7.466102426,6767647614,6290416506,3.851821441,3.844141955
leaf_414,0.616094099,2.104928592,34.41707309,0.2781832,73.86190671,0.598599325,2.441576937,germination,6.726780856,15.44461375,28.99989488,winter,9.954424479,200994103,-206041159.1,2.720313664,2.691789834
leaf_415,0.668653491,2.345831893,51.34953004,0.266491745,66.97049142,0.504694948,3.871209648,drying,6.045062338,13.61148894,39.77298911,summer,7.379887982,339149979.1,297635380.6,2.895511637,2.892084394
leaf_416,0.50360097,3.166212815,42.64722765,0.56659566,74.86779635,0.989599746,2.283486803,maturity,6.048347715,14.3073239,38.66703655,summer,7.408910918,807986800.1,803305142.7,2.345336566,2.350495875
leaf_417,0.363889695,3.658587341,32.51111957,0.33113528,73.49433755,1.861166186,4.392729782,tillering,5.727109088,29.83081175,25.43489117,monsoon,1.228282625,229822639.3,197964727.2,1.879632315,1.873116535
leaf_418,0.395798091,2.779133003,46.17368022,0.348832902,92.03956705,0.742529787,3.057617192,germination,5.728100595,29.84322515,36.56092923,summer,3.436897924,397627829.3,284996652.4,1.985993636,1.958748259
leaf_419,0.70526661,2.174577095,29.28072721,0.503929463,86.66770315,0.727523918,4.110497827,tillering,6.195343483,35.43772487,26.65502161,winter,7.83919096,1345334367,1778814966,3.017555368,3.012374899
leaf_420,0.777137076,2.237865523,20.57525784,0.335529393,77.67904445,1.321921216,4.069844038,germination,7.025710956,32.55479165,25.41227792,summer,12.51714843,1825235420,2599352820,3.257123588,3.244378538
leaf_421,0.812421139,3.086854439,50.57413546,0.580824979,94.59296984,1.795674077,5.697417385,grandgrowth,6.715942335,23.4906902,29.10543274,summer,4.902178094,8023639633,5961225827,3.374737131,3.372339668
leaf_422,0.810656329,1.009654791,44.94972339,0.495171108,76.28471359,1.924143984,4.19633289,drying,5.705169121,28.38566085,29.04018819,monsoon,8.317008064,2194527936,3057414360,3.368854428,3.373456593
leaf_423,0.182085493,2.858768012,50.49210498,0.438971697,62.03832408,0.856901348,4.331993919,maturity,7.20447305,30.64854011,37.28978144,monsoon,5.829469187,637666856.2,625151603.5,1.273618309,1.268102416
leaf_424,0.544978274,2.066479031,21.55752067,0.552358064,69.17960126,0.659176295,3.606612503,tillering,6.702735254,25.38209411,35.66000869,winter,2.467255854,165064611.6,86201547.34,2.483260914,2.415803732
leaf_425,0.151802884,3.382591994,53.48478511,0.219842363,75.26246681,2.380794068,5.796318413,tillering,7.421711154,24.26952953,39.72414141,monsoon,14.41617876,3234177727,3708653214,1.17267628,1.193183759
leaf_426,0.594575994,1.278971919,44.781048,0.302825077,65.49159185,1.021332765,5.108743638,tillering,6.840370935,29.35292337,35.6726935,winter,12.96543418,1636233860,1955317113,2.648586647,2.644114451
leaf_427,0.497377451,2.764606801,42.53581403,0.386014534,93.16477942,2.206692995,3.141621161,tillering,5.850349727,26.72423647,31.2738333,winter,2.098893943,748262721.9,1012909470,2.324591504,2.334413944
leaf_428,0.898933764,2.44291867,44.98456192,0.290791416,86.83971142,2.226982901,5.376838343,drying,6.447566725,29.31826916,35.48391491,monsoon,11.07702167,11096926883,8777843392,3.663112548,3.634467434
leaf_429,0.415823511,2.926976578,54.57732987,0.497562075,69.39005201,2.045045184,3.729585441,germination,6.796995195,28.38564322,39.99188601,summer,5.866118661,3958739838,3231966679,2.052745038,2.097189405
leaf_430,0.205360315,1.194560783,43.47746026,0.567683212,80.67815867,0.837667213,5.314668574,drying,5.556529402,31.57589682,35.65212824,monsoon,14.9278973,1015341385,1242916284,1.351201049,1.36166812
leaf_431,0.228692514,2.739951362,43.2380152,0.369508048,85.2507205,2.143602919,5.291552273,grandgrowth,5.529820528,29.28410526,36.42522034,summer,5.233579278,1494252314,1752241874,1.428975046,1.430150009
leaf_432,0.785359569,2.684453764,59.62716628,0.33685304,92.94476251,2.038501118,2.755480747,drying,5.758806001,25.59227459,39.07547523,summer,4.342338235,2764277401,2948116843,3.284531895,3.29211914
leaf_433,0.656396257,2.681980283,50.26920668,0.584620293,90.85723722,1.69344598,4.804564526,drying,6.00332887,30.45390434,26.70476892,winter,8.950467676,8356456763,5758590648,2.85465419,2.87181889
leaf_434,0.191010409,2.810463,37.69175222,0.377940973,78.03172791,1.17440407,3.162571877,grandgrowth,6.359098247,23.48445896,35.5717644,winter,12.69176629,747150270.6,595860230.3,1.303368028,1.274578938
leaf_435,0.175696126,3.029403812,48.29588,0.39561936,87.11284169,1.025017209,3.18997068,drying,6.474880948,17.25013678,37.76208937,monsoon,3.695264205,225737050.8,195892718.7,1.252320418,1.239698993
leaf_436,0.730872218,3.414966999,35.56921887,0.340659949,79.67506638,0.743778424,3.185392308,germination,5.776055218,10.0425466,39.315679,summer,10.93163878,711620673.4,1076851360,3.102907394,3.118398177
leaf_437,0.165486706,1.80946216,29.1550185,0.563819389,79.34463615,1.519514134,4.90227299,maturity,6.846783158,26.79892441,28.16453935,monsoon,1.859692164,139798788.8,234117791.3,1.218289019,1.207604563
leaf_438,0.839674053,3.475148231,43.87407508,0.427582193,64.01596854,1.670521751,2.919304167,grandgrowth,6.692276123,27.7196568,32.55893512,winter,13.8650864,7155762733,7303607811,3.465580178,3.501134053
leaf_439,0.735618004,2.494767047,57.12728392,0.504869835,64.41481803,1.218677981,2.003623341,tillering,6.088928198,39.16146894,35.20832271,summer,2.135048826,746137998.6,1433322649,3.118726681,3.152278356
leaf_440,0.173213903,1.231174837,57.1655808,0.524722687,78.53367653,1.450718135,4.860947414,germination,5.527319767,20.84435002,28.71201594,monsoon,13.79923927,808571846.3,1050399676,1.244046342,1.24913115
leaf_441,0.176353943,1.175652788,33.67621112,0.336739617,69.41015407,1.227028915,2.684738975,maturity,5.655295831,21.82399728,34.00709295,monsoon,7.871301492,88804965.2,-276604109.7,1.254513142,1.26709181
leaf_442,0.987975621,2.002714956,41.10709865,0.373477733,60.73629159,1.782012115,2.417929581,germination,6.283389551,16.05398744,28.86368174,winter,7.273275579,841740374.3,552103637,3.959918736,3.96058253
leaf_443,0.436843716,3.354690931,28.46543594,0.53938871,85.29937214,2.302518416,2.950064482,germination,5.807948702,12.11602886,30.00185531,winter,14.62629911,2012863814,2237895675,2.122812387,2.129242047
leaf_444,0.433577932,3.123042804,59.82524438,0.345302141,61.13703088,0.827840524,3.519602089,tillering,6.253639212,33.18413479,31.62278045,winter,14.86537849,2430428226,2262824134,2.111926441,2.114956464
leaf_445,0.831519611,3.365844894,59.24471631,0.517574053,80.83468944,1.26281762,3.90362531,maturity,6.756365209,17.49043193,32.93785148,winter,10.10249376,6723613827,6542855302,3.438398702,3.418301491
leaf_446,0.95252372,2.551807169,45.98035719,0.576396929,78.87178279,0.781737208,2.178280163,germination,6.594474856,28.26714583,31.74048807,monsoon,2.779670086,711463891.1,987092951.6,3.841745732,3.836128156
leaf_447,0.987400957,2.320596994,52.17656239,0.449284149,93.90851417,1.749887541,5.882293331,tillering,5.962351766,30.63319107,32.3979328,winter,8.086381199,12422327198,10279718680,3.958003191,3.951618631
leaf_448,0.778040367,1.44235758,48.60400645,0.496650915,76.94745988,1.957741019,4.864252214,grandgrowth,6.187644983,24.13710062,29.47883134,winter,8.408283413,3674194068,3252983824,3.260134556,3.247153434
leaf_449,0.438633627,1.984578261,43.72632876,0.522038925,62.22605027,2.363825465,3.292776261,tillering,6.728062397,36.29056339,27.38447641,monsoon,8.202249994,2639107545,2475248184,2.128778757,2.134720287
leaf_450,0.175150645,2.302058099,22.13391988,0.53801586,79.30907887,1.057743853,3.274789029,drying,7.221710056,23.31384523,25.71024966,monsoon,8.972885739,256171356.4,273712108.5,1.25050215,1.248853575
leaf_451,0.799432224,1.265801289,38.1905737,0.358021335,89.43836597,2.400422412,3.794170197,tillering,7.006426877,18.54725869,27.93968084,summer,1.262145993,258236705.7,431125729.1,3.331440748,3.3540023
leaf_452,0.602563825,1.661835858,46.99145209,0.220505384,94.88972495,0.626525344,4.504979291,tillering,6.606800054,36.88046569,33.72915462,monsoon,10.95718194,1251243306,1613627371,2.675212749,2.684365734
leaf_453,0.481799808,2.794675882,47.10126456,0.360750508,75.06201108,1.706027727,2.585492266,tillering,6.224585997,35.84692853,36.79173172,summer,10.97352023,3412052752,3157771913,2.272666028,2.271368965
leaf_454,0.915718947,3.206989343,34.92490474,0.469502492,71.21045599,0.614265439,2.755719255,germination,6.230102555,14.92119841,27.53871396,winter,2.616576852,194407816.5,-328567535.3,3.719063155,3.730049835
leaf_455,0.200077734,3.995042534,57.66767947,0.380140154,91.73286539,2.287548376,5.437738331,maturity,7.258834621,10.77883055,26.62833037,summer,8.983352194,1871116618,2630166447,1.333592447,1.381266065
leaf_456,0.543362594,3.799339994,26.69428129,0.49958526,66.69347452,1.559618114,3.025019696,tillering,5.578487152,12.69956669,36.23935541,summer,8.957056554,996039798.1,757294601.6,2.477875313,2.42068985
leaf_457,0.11021828,2.927695599,40.01437785,0.342792972,81.54001203,1.838696702,3.520779992,tillering,7.475965289,18.59642196,29.57737496,winter,10.55430588,506994514,630976769.2,1.034060934,1.032363348
leaf_458,0.521794578,2.26374416,47.63535906,0.453897656,74.20000485,2.163147852,5.485087404,drying,6.828750822,39.16779405,39.27249159,winter,2.19556769,2592767941,2653488795,2.405981926,2.387747847
leaf_459,0.150672948,2.908532094,47.88543224,0.274567922,61.43788277,0.800621245,4.652591318,drying,6.862275398,26.75548459,35.71476956,winter,9.771046302,422435594.2,644160351.7,1.168909827,1.138568038
leaf_460,0.206936125,3.356954854,45.94555827,0.499747775,72.1550966,0.577183124,3.366847517,grandgrowth,5.575995675,21.19785196,29.90134071,summer,4.93052731,194871629.4,-157159744.3,1.356453749,1.37972811
leaf_461,0.205773622,1.355008573,31.01152854,0.418278388,69.28299829,2.257762292,4.734798183,grandgrowth,6.71105855,36.66148284,29.34314122,monsoon,8.098041867,783040788.6,847264757.3,1.35257874,1.349067052
leaf_462,0.684289272,2.229714669,26.24826275,0.281625755,84.01319039,1.129866455,2.078732862,drying,6.46955612,23.59408994,32.85547579,monsoon,11.82652974,660006236.1,1317482998,2.947630906,2.950074858
leaf_463,0.771440391,3.519406857,45.43761307,0.316764469,93.20766742,0.757957816,4.94257064,maturity,5.711557814,19.45715885,26.18717002,monsoon,10.87904311,2160014432,3223313699,3.238134638,3.220980162
leaf_464,0.625031889,2.151498856,43.97208465,0.499443483,69.38165156,1.436922474,3.948064162,grandgrowth,6.055844022,38.23658586,26.76514769,winter,2.664642247,959845249.1,1055559021,2.750106295,2.739439202
leaf_465,0.965955294,2.715616814,27.17424041,0.393040494,88.40130787,1.696612151,5.252728589,maturity,7.280628912,35.48552999,27.63786822,winter,9.27658702,7310202573,7070195667,3.886517645,3.879249772
leaf_466,0.437383522,2.763308083,48.20556582,0.286412576,61.93759359,0.561941207,5.818550608,drying,6.599976832,35.31005126,36.6208539,monsoon,14.56763143,2100724942,2509914845,2.124611739,2.138212382
leaf_467,0.357140878,1.553428759,38.20687967,0.586908476,78.83423535,1.049791317,5.703154198,grandgrowth,6.32683315,25.36854229,32.70786039,winter,3.194772123,492401905.3,476144587.7,1.857136259,1.882847893
leaf_468,0.881739215,2.086706325,46.71042366,0.486050008,62.46925223,0.565599749,5.637060174,tillering,5.645364312,33.68315196,25.15850684,summer,12.94069923,2575382520,3081704415,3.605797385,3.592156
leaf_469,0.301236255,2.003533866,53.49468319,0.582853933,92.69115469,1.340670778,4.048679824,drying,6.928243055,15.38060078,35.10274791,summer,10.83567313,1918719889,1820347382,1.670787516,1.665374868
leaf_470,0.966900285,1.078590126,26.78913714,0.370842018,86.82229482,2.290200058,3.440568457,grandgrowth,6.905701647,27.19668873,31.35535268,winter,11.83604638,2470204280,2742762014,3.889667618,3.892063744
leaf_471,0.110939027,1.072575292,20.76579472,0.390040136,83.02824689,2.465304823,3.860141299,maturity,6.728087214,39.51537769,32.66278547,monsoon,4.94741658,163579601.5,409461941.2,1.036463424,1.047911656
leaf_472,0.972890944,3.495091131,51.16410346,0.559182086,88.83637336,1.774095107,4.759584013,maturity,6.520525292,18.72875292,28.21174365,monsoon,5.030445011,6323765875,4702768130,3.90963648,3.933913379
leaf_473,0.138843921,1.81921243,44.38789701,0.410019736,82.66319284,0.823275388,5.535991107,grandgrowth,6.367568804,33.83056988,33.27673343,summer,13.68427238,849469262.7,1118067960,1.129479736,1.134868558
leaf_474,0.902028802,2.554236299,47.98558278,0.482911565,93.9130539,2.31169878,2.827945212,maturity,6.686542186,24.71435222,39.6872986,winter,6.037648449,6489754097,5343767058,3.673429341,3.68225674
leaf_475,0.574930998,1.896176721,53.526199,0.300869151,84.98852818,1.532495646,5.672772634,grandgrowth,5.966790903,11.1941705,26.10167037,monsoon,1.88221547,212830524.3,256505156,2.583103327,2.589385814
leaf_476,0.993668317,3.822037735,52.11243739,0.378690587,92.36305134,0.807498624,5.260720928,grandgrowth,7.382518128,32.89058193,29.25876099,monsoon,9.40835385,9827958075,8102073539,3.978894388,3.96931902
leaf_477,0.166416908,1.777890277,58.43680588,0.249379946,78.09961622,2.343453339,5.915424061,maturity,6.677589058,15.05707433,28.64496389,winter,2.747447367,184692577.7,216805524.3,1.221389694,1.22504425
leaf_478,0.598468856,2.288970438,41.43740315,0.282392014,64.09725445,2.014938101,5.521007093,germination,6.122384889,28.94420701,28.72823966,winter,12.15234738,3535636442,4314217366,2.661562853,2.657146424
leaf_479,0.972372282,3.618190751,39.53982531,0.200377366,78.48622025,1.963410545,3.119749319,tillering,6.399359702,12.56992582,30.68059536,monsoon,9.984450195,1651044776,2581339962,3.907907607,3.909176518
leaf_480,0.57078806,3.5258007,36.075488,0.215706021,64.44054898,1.918361408,2.423823645,drying,7.111369578,38.40602192,37.27164677,winter,13.24617107,3163656477,3481069660,2.569293533,2.600607516
leaf_481,0.666458774,1.558304254,26.14764171,0.590913529,80.73727177,0.900679642,2.448964288,tillering,5.823232121,18.75171662,38.69288035,winter,11.9877215,723688574.7,550399371.8,2.888195914,2.89495196
leaf_482,0.72617382,3.407929929,42.90428932,0.296941478,76.88725712,0.922013383,3.164893274,drying,6.085671245,16.79394075,28.03322631,winter,2.569591077,260388435.7,128601108.5,3.087246067,3.053486626
leaf_483,0.509086958,2.37456066,31.08050097,0.465324284,81.79013892,1.876585997,4.456734896,drying,6.859016045,13.87409212,33.14424907,monsoon,6.33498947,1194801240,1113779556,2.363623194,2.361358525
leaf_484,0.664802272,2.448906616,56.85230049,0.53563988,60.35164434,0.9394455,5.217281304,tillering,6.130978413,38.3800658,34.55348458,summer,11.8438435,7061234506,6936150648,2.88267424,2.879627433
leaf_485,0.625882881,1.400439917,43.32763217,0.420264184,66.81941721,1.377343394,5.597001228,grandgrowth,7.085003364,31.35711227,32.82741212,winter,6.842780626,2051448391,2345467689,2.752942936,2.725335742
leaf_486,0.911042209,1.241804541,43.71360722,0.2612578,77.19656512,2.064003651,4.495013537,maturity,5.760906974,32.24982666,31.51114591,monsoon,14.61311679,3958333655,3827900911,3.703474031,3.701744633
leaf_487,0.140901742,3.183817921,34.19698644,0.491246575,93.26762466,2.067905036,2.022525251,germination,7.025372341,24.98213684,27.87963259,summer,11.3003663,812748017.1,1291956434,1.136339141,1.161061031
leaf_488,0.352866871,2.489383457,22.07957408,0.440100564,73.42631641,1.406523545,2.745267106,germination,5.63670343,24.24183356,32.32329039,monsoon,1.216998834,65042172.2,-43011033.88,1.842889569,1.831564974
leaf_489,0.955370336,2.310552108,21.26975061,0.492500236,74.85302091,2.084379877,2.398904815,germination,5.525185225,13.30063729,31.01822242,monsoon,13.31979968,1313891418,1920729864,3.851234452,3.840835876
leaf_490,0.901237406,3.188524686,36.93340577,0.507898649,85.01436312,2.177243592,3.453297902,tillering,7.296447038,26.79523287,36.93345044,monsoon,2.411266988,2999597180,3186817317,3.670791352,3.683007379
leaf_491,0.510091078,3.296538697,23.38261512,0.590164147,81.13274651,1.809551503,4.005403975,tillering,6.662678434,17.40749485,36.45406539,summer,2.967332139,855958128.9,242468284.6,2.366970258,2.356723654
leaf_492,0.658119338,1.476724503,44.27387822,0.429425312,70.46241525,0.956851705,2.173588714,grandgrowth,6.203653794,39.31435998,27.00998022,monsoon,11.28289361,1006311410,1325437606,2.860397793,2.876420461
leaf_493,0.349643065,2.830675448,55.23892023,0.336656445,74.37857384,1.048023561,3.393911903,germination,5.965189274,33.8974282,26.32778579,summer,13.10955983,1699143256,1931427007,1.832143549,1.829271711
leaf_494,0.269309044,1.406062247,55.31659266,0.459385823,67.61949296,1.129682311,2.716718699,grandgrowth,6.733771567,22.38976181,38.62230915,winter,8.508894791,494709957,405784240.1,1.564363479,1.538995627
leaf_495,0.517328564,3.254125258,46.36181641,0.227376284,93.81075107,0.733608215,4.588280665,germination,6.518004367,14.54023776,33.03262583,summer,5.046696261,442669429.9,377918554.4,2.391095215,2.369409123
leaf_496,0.418017005,2.970865469,28.44927326,0.558958927,64.57220335,1.046319241,3.857089477,tillering,7.483195551,33.55995073,37.86701406,monsoon,5.918417634,1448246949,1449648723,2.060056684,2.078719922
leaf_497,0.625290501,3.869843863,54.51987325,0.247752405,73.01428746,0.919038449,3.981270588,maturity,7.466431973,13.66161301,25.87226681,summer,5.800450614,668332418.8,646965238.1,2.750968336,2.733366379
leaf_498,0.169961173,1.206874049,55.44373741,0.331137135,60.90436403,1.4106575,3.710767152,maturity,6.770049132,15.6800126,32.89773425,monsoon,5.573493453,116844283.1,-191466108.5,1.233203911,1.234604612
leaf_499,0.976955327,1.171164163,27.8661434,0.526298152,67.76228222,2.316875096,5.824078842,maturity,6.385741012,16.34561553,33.09139772,winter,4.400735406,1166116761,1168012824,3.923184423,3.919565347
leaf_500,0.98758967,1.846561224,49.49704343,0.438924951,87.31648984,0.708960634,2.8589405,maturity,6.482281938,26.70671915,37.91053049,summer,9.524139325,2191479164,2532801347,3.958632233,3.96539606
leaf_501,0.728345543,1.785117051,31.46078196,0.357454208,67.04113313,1.940535848,4.066657039,drying,6.864958132,33.61169962,26.46414997,winter,13.60567446,3213446334,2682898394,3.094485142,3.080545573
leaf_502,0.58248673,1.740936397,52.10561249,0.389374264,62.80221909,1.874566009,4.944069473,germination,5.703149088,19.42944636,28.60668346,summer,5.299153783,1005773455,1097287057,2.608289099,2.613986832
leaf_503,0.378574855,3.718763742,59.889516,0.541818957,76.60586129,0.691508397,4.227377653,maturity,6.156704148,12.54009443,31.09807471,monsoon,3.613720164,443805800.8,781390419.1,1.928582849,1.954395494
leaf_504,0.832415518,1.7486386,21.20104021,0.336001754,60.34892322,2.34514481,5.716083543,drying,5.650544482,23.93615391,37.98762213,summer,12.74008733,2745401628,2371607491,3.441385059,3.392804644
leaf_505,0.716258055,1.815849178,55.89463463,0.547859874,62.9668154,1.636944404,3.511873423,drying,5.646721519,32.44330723,39.08324973,winter,11.38496663,5876075191,5490422971,3.054193518,3.030527176
leaf_506,0.246355245,3.278194787,44.90522134,0.235253772,88.26690543,1.227451042,3.854703223,drying,5.891678484,16.64991529,39.89086929,summer,14.03171844,978201821.6,1052348778,1.487850818,1.501657476
leaf_507,0.919834466,2.349219527,58.93530477,0.510719375,87.00156707,2.013077167,2.354089261,grandgrowth,6.470506509,16.59773644,39.3879023,winter,3.317276298,1881495643,2092034630,3.732781553,3.728558865
leaf_508,0.840283519,3.330131671,38.6003807,0.539019053,92.02985871,1.014730917,4.435996444,grandgrowth,7.069548642,38.41681082,25.08912634,winter,3.019518398,2481189941,2319256620,3.467611729,3.496359667
leaf_509,0.954819922,1.196098473,53.89551722,0.272727061,89.90804026,1.887019674,3.152847874,drying,6.470991782,38.62461181,25.71562512,monsoon,8.58001152,2475923361,3313549665,3.84939974,3.860186609
leaf_510,0.753147558,2.462713581,22.49576274,0.372138613,83.91114471,0.579422415,2.641236158,maturity,6.170953221,39.71397196,27.21410229,summer,9.602071168,638478273.7,1079300588,3.177158525,3.179281551
leaf_511,0.652073676,1.100840801,33.411162,0.26619991,61.83165001,2.178816075,4.178125172,germination,5.664705981,34.22978805,30.23293145,winter,7.722428186,813428246.1,1352888135,2.840245588,2.833911063
leaf_512,0.476418733,1.18795961,22.68066151,0.482641652,87.39970163,1.396341694,4.129241054,tillering,6.600591046,15.64552508,37.44877046,monsoon,9.385532909,566607588,411947450.6,2.254729109,2.246930163
leaf_513,0.939455635,3.71931236,59.01372534,0.414139107,89.59287838,1.773385829,2.303486565,grandgrowth,6.042537173,16.35944562,38.38984293,monsoon,3.525316764,2090609931,2752546433,3.79818545,3.798119538
leaf_514,0.879457501,1.417736113,52.67895629,0.454129339,87.9678751,0.94247564,4.792861814,maturity,6.729868356,20.20675725,27.80251609,monsoon,7.714592558,1728567791,1875129596,3.598191669,3.589814916
leaf_515,0.140696803,2.597262047,54.10189685,0.278594787,77.79676624,1.854147425,4.495088763,maturity,7.454375478,19.54397594,34.29496227,winter,10.21329585,911213165.4,1239074704,1.13565601,1.126598873
leaf_516,0.123730277,2.233286808,57.51860926,0.284698345,68.15156435,2.044480552,2.756069131,tillering,5.722628643,38.69583247,38.76042978,summer,7.057890289,526327393.8,713839208.4,1.079100923,1.076382895
leaf_517,0.43881703,2.042029979,23.40413944,0.21659893,89.58654915,1.446426374,3.877739449,tillering,5.924250797,33.67221949,31.95597604,winter,10.5122627,764778750.5,808907104.6,2.129390101,2.127696274
leaf_518,0.829497998,3.699500037,35.4239037,0.328827014,85.45069834,1.735453848,4.881291666,maturity,6.446189076,31.72026376,26.55315358,monsoon,7.316677928,5139556073,4894323239,3.431659992,3.416133519
leaf_519,0.988548516,1.06547019,22.84139556,0.423897865,94.3266411,1.412651848,4.117742962,tillering,7.437227631,15.57889672,31.86720475,winter,5.670394132,585769688.8,750881101.4,3.961828388,3.9535814
leaf_520,0.235375202,2.991369059,28.43172406,0.543173966,65.44924092,2.288182739,3.581956305,maturity,7.043619553,37.28576678,30.63692353,winter,5.250470659,1232085394,1247076515,1.451250673,1.434235377
leaf_521,0.634717644,3.890183303,29.17463108,0.466770979,67.89826041,1.495738361,3.289353832,tillering,7.296458386,34.83611139,33.66486994,monsoon,6.752628826,3245236352,3038421217,2.782392146,2.80053388
leaf_522,0.442801771,2.68050455,38.76428844,0.374158529,67.41293525,2.183617418,4.441575467,tillering,6.167429697,14.90925524,31.57988027,summer,1.323254718,216249090.1,75829083.56,2.14267257,2.129646609
leaf_523,0.972922958,3.810467386,30.7424867,0.581248046,87.73889187,2.102704117,5.756434793,maturity,7.484076948,36.13510996,25.2601889,monsoon,10.35935194,24893611643,15030865138,3.909743193,3.909691724
leaf_524,0.857907031,1.156773638,24.03912427,0.48769808,66.54175538,1.321009643,4.686979362,drying,5.705665632,18.16742609,39.909966,monsoon,12.83147897,1272270270,1383686446,3.526356769,3.515871248
leaf_525,0.854495834,2.256379957,26.69964356,0.572066081,62.33309404,0.960168984,2.298983615,maturity,5.605945812,12.42609237,33.15310357,winter,5.964779322,279092475.2,203125375.1,3.514986114,3.507795091
leaf_526,0.521823844,1.780473373,25.89102254,0.411035189,94.94962823,1.312164265,3.842739894,germination,7.211205254,29.7046692,32.10446133,monsoon,1.644463906,267671657.6,138436338.3,2.406079479,2.378644962
leaf_527,0.473337552,3.192462895,58.92307192,0.30356171,60.8686024,2.152434752,5.563296526,tillering,7.35452974,29.61413978,39.31926057,winter,14.81485836,12497167887,7123063937,2.244458507,2.258259565
leaf_528,0.346066365,3.943891271,50.37170028,0.221130675,89.23354211,0.955265072,2.377849703,grandgrowth,5.681170715,12.84796029,27.33790551,monsoon,4.691775576,144245029,-180503268.1,1.820221216,1.843536409
leaf_529,0.150737947,1.769590187,58.71045861,0.490433941,72.78783945,1.548872692,5.955502849,tillering,5.726854853,19.56555427,27.83856404,monsoon,2.772695704,223003485.7,220190520,1.16912649,1.159889824
leaf_530,0.878250139,2.962523804,37.58961946,0.248521199,89.45654109,2.112193496,5.796277575,germination,5.566348316,39.78443387,37.12022124,summer,6.176535112,6757957549,5868317119,3.594167129,3.57278989
leaf_531,0.831610908,1.594292898,31.13473927,0.321110051,79.41171719,1.20695495,2.313097923,grandgrowth,5.709015125,30.35280001,28.9124662,monsoon,11.33979857,834790551.3,1060614011,3.438703027,3.420609675
leaf_532,0.999745906,2.695990764,51.93172789,0.412988363,91.55709303,1.784419274,5.733653282,grandgrowth,5.918839634,31.902255,36.98840659,summer,5.114832356,9672170338,8701552903,3.99915302,3.968274083
leaf_533,0.996973153,2.39179746,33.05015672,0.425766635,92.41675452,0.991263148,3.452530361,maturity,7.440153238,16.38751857,29.07300224,monsoon,9.045844855,1701509158,1836003526,3.989910511,3.967711436
leaf_534,0.599888535,3.916015989,31.97533495,0.440233279,60.31843634,0.718558891,5.378836668,drying,6.835720444,12.36346213,25.49781445,monsoon,6.817839922,566314844.9,759630927.3,2.666295117,2.675407858
leaf_535,0.792088674,2.825581818,29.30023969,0.266502132,62.63942616,2.08876845,3.673533351,maturity,7.057106051,18.30705069,32.75522086,monsoon,2.648695892,470764028.4,454614203.7,3.306962246,3.276241571
leaf_536,0.950289157,2.048519116,25.18715913,0.351894962,68.76255553,0.697937247,3.763420451,grandgrowth,7.052278807,17.46695156,27.95029651,summer,5.624018175,301709429.6,-287914501.9,3.83429719,3.824457402
leaf_537,0.864682652,1.342287355,30.25852244,0.446877691,83.42603957,1.04276279,4.536972364,grandgrowth,6.5701475,17.03632302,36.36769439,winter,11.14818708,1405506729,1516348509,3.548942172,3.545611907
leaf_538,0.322613292,1.453740486,34.21278994,0.587927546,91.08952688,2.210218844,5.097909677,drying,7.094977955,15.78262966,34.6179945,summer,9.568054563,1795573841,2080679037,1.742044305,1.741410782
leaf_539,0.505489722,1.67595079,46.95976833,0.491052455,76.0979683,1.192938574,2.135156604,tillering,6.691615065,27.24267072,38.85404002,monsoon,2.676897318,358977173.4,398755809.8,2.351632406,2.351390227
leaf_540,0.216243474,1.752899984,22.50259369,0.569041503,81.24405907,2.446090699,4.372623982,drying,6.129092195,19.84310428,36.74482536,winter,3.286513736,309735070.2,292457636,1.387478245,1.3826996
leaf_541,0.958645925,3.551848174,28.42027759,0.504884823,66.59749485,2.45946867,2.746931976,maturity,6.622220218,34.61035045,27.71163932,monsoon,9.97026703,6960316294,7688323699,3.862153082,3.855325811
leaf_542,0.645557171,2.683668365,52.36094561,0.436686788,88.17383919,1.036552041,3.383798071,tillering,6.567017172,15.51842254,37.00237355,summer,12.3878158,2861451843,3155951142,2.818523903,2.842425774
leaf_543,0.305778525,2.570172734,25.87687694,0.276809348,93.8564839,0.581956444,3.391874665,maturity,7.146906108,23.93881213,34.62605567,summer,5.892642943,182037260.3,150772367.6,1.685928417,1.682820147
leaf_544,0.704530616,1.344306616,33.70580586,0.466674261,69.40096265,1.910126568,3.876241361,drying,7.463454435,10.40973509,35.03427463,winter,9.334350526,972483013.4,1246811425,3.015102053,3.010140079
leaf_545,0.656315416,3.58041908,54.58635687,0.449351826,77.31890831,1.401973005,3.336545648,tillering,6.322085131,24.45046967,37.48394329,summer,3.389010243,2046799155,2210075008,2.854384721,2.84339075
leaf_546,0.422346446,3.16844291,26.19701245,0.440987668,63.01406387,0.701505688,2.429444474,drying,7.026781357,11.67514663,33.60736104,monsoon,5.359268717,122658412.1,-213570412.8,2.074488154,2.091090887
leaf_547,0.202201833,1.203005086,23.30947342,0.395914347,79.56978298,1.915045638,2.582514954,germination,5.699526008,39.33170536,31.99005272,winter,1.283782879,40664408.32,-182867720.1,1.340672777,1.357687376
leaf_548,0.704415876,3.123505292,39.3815198,0.411462642,77.59742046,0.562349818,2.133751942,grandgrowth,7.053662739,33.71776386,34.54961553,monsoon,11.75586327,1603368110,2393748978,3.014719587,3.004716846
leaf_549,0.568276931,2.630614652,32.09678045,0.333777011,65.05527695,2.240393381,3.880996341,tillering,6.242833824,24.7033443,29.46936143,winter,6.614137477,1361559646,1220618275,2.560923103,2.592702111
leaf_550,0.795086553,1.245176037,42.53633458,0.407725077,75.47231746,0.777305058,5.817790779,grandgrowth,5.578780326,12.59762075,27.73895697,winter,12.42575803,709775070.7,889742855.2,3.316955175,3.33738834
leaf_551,0.568147151,2.374901925,52.15219562,0.279022362,71.69366282,0.754623757,2.462700895,germination,6.226492357,27.77336322,34.24881757,monsoon,10.91722194,845747438.7,1439745466,2.560490503,2.591369792
leaf_552,0.86696335,2.454088861,25.48593953,0.522069759,78.26408064,0.851344596,5.785057972,tillering,6.721285502,32.76291252,28.50772554,summer,12.60241972,4316354978,4739486977,3.556544501,3.549188589
leaf_553,0.596716155,1.49732362,43.22796338,0.274310782,80.49790174,2.420532717,4.933446059,grandgrowth,5.738500335,15.72151759,26.19872664,monsoon,4.999221374,601703391.3,770220483.1,2.655720516,2.638593547
leaf_554,0.604844174,3.837094441,40.22035042,0.233986516,60.29734525,1.886338721,4.549995212,grandgrowth,7.348068985,27.04625022,25.00831277,summer,3.591522226,1008845645,1250109392,2.682813915,2.685355726
leaf_555,0.888988242,3.549926114,25.76315144,0.374498411,86.6352094,2.102743071,4.581111021,tillering,5.655344827,34.42632695,34.12479102,summer,14.60667956,12329828597,8221523758,3.629960808,3.618970907
leaf_556,0.46313458,3.007067012,44.95993942,0.463322976,84.95550022,1.295269971,5.306910594,grandgrowth,7.36001344,33.04743333,30.43223175,monsoon,11.04258902,6923799728,5407439130,2.210448599,2.180336992
leaf_557,0.220613706,2.386886683,30.94561671,0.37508673,72.82002352,1.172625455,2.427679458,grandgrowth,6.914275036,34.08976054,36.28466456,winter,12.67659175,686851468.3,742210553.8,1.402045685,1.385434868
leaf_558,0.125904409,2.235296625,39.51337274,0.310701653,61.85275774,0.968968014,4.019017294,tillering,6.159424351,36.37970275,30.62764597,monsoon,1.183867232,33809445.1,-155310756.1,1.086348029,1.082668886
leaf_559,0.77962353,2.952920401,23.29089297,0.423268474,86.42263889,1.461296057,4.788364553,grandgrowth,6.281500695,38.13046306,32.29005172,winter,5.962462684,3164401588,3217228886,3.265411767,3.244044798
leaf_560,0.658278596,2.636295608,38.38336229,0.338800934,93.43113062,1.603657467,4.34728178,grandgrowth,6.981618729,22.16563466,31.10627459,summer,11.39943367,4033202626,3552669537,2.860928654,2.889081741
leaf_561,0.733671791,1.186819318,32.25853872,0.573147076,68.40530586,1.763549687,5.331116284,maturity,6.702942202,27.06307308,34.75862187,winter,2.091759662,682778388.5,1840588330,3.112239304,3.164679569
leaf_562,0.291667745,2.537507946,52.89524845,0.569058056,71.32336148,1.014237008,2.289086836,maturity,6.843285843,33.71978578,30.34208743,monsoon,8.942759014,1154885829,1623786362,1.638892485,1.626167832
leaf_563,0.222734328,3.419210852,22.27914908,0.400948728,66.43345113,2.397308162,4.762804158,germination,6.278329233,30.91419442,39.45651475,winter,7.007018744,1384515765,1801179971,1.409114427,1.390947721
leaf_564,0.113090199,2.377719633,36.744291,0.331153598,80.19276432,0.839516996,4.136110922,maturity,6.475626964,39.86560685,39.0422048,summer,1.2466311,57237982.18,-101258384,1.043633997,1.044555492
leaf_565,0.415528803,1.155869733,38.33725697,0.494852966,65.41944881,2.43130635,3.516643456,maturity,7.479734968,10.41032953,37.72041854,summer,4.30365808,322119558.2,226273950,2.051762676,2.084419262
leaf_566,0.630925918,3.358834598,49.00024305,0.214685177,72.46678802,0.529712245,3.361099929,germination,5.927845741,20.65399646,38.80450406,winter,4.987087847,340743737,239536977,2.769753061,2.78259606
leaf_567,0.453019641,1.604091346,42.971503,0.389907602,84.39545549,1.462251384,4.483330531,grandgrowth,6.335712373,18.43083779,31.73709533,summer,2.566039249,320310548,38500143.14,2.176732135,2.162380726
leaf_568,0.49372743,1.775862505,46.68849349,0.334529358,79.60405941,1.166735676,5.563981499,grandgrowth,6.083646375,17.8694755,33.04645595,summer,9.841516736,1251027219,1017240810,2.312424766,2.319212626
leaf_569,0.913742825,1.49411906,51.08197143,0.568214354,73.52618975,1.398246828,3.984703704,maturity,7.030223021,16.67589347,36.13138889,winter,4.393570268,1510571981,1674184617,3.712476083,3.727399241
leaf_570,0.41342992,1.990645195,54.48811895,0.204801211,74.70873606,1.641329158,5.298892656,germination,7.028025251,31.27371522,35.44218887,summer,4.886672995,1135792255,1492591861,2.044766401,2.097694521
leaf_571,0.56259054,3.270254517,32.55501987,0.42112595,79.67388089,1.371178316,3.608625527,grandgrowth,6.084890922,12.5427842,38.36017893,winter,13.57534037,1976076611,2032157519,2.541968467,2.588472866
leaf_572,0.805287711,2.558157579,41.52090821,0.496265432,60.20526548,1.329693701,2.409577851,drying,5.662780633,32.24826502,35.74496541,winter,7.539723298,2014942558,2681055744,3.350959038,3.370268709
leaf_573,0.456888504,1.614643822,53.60432314,0.394007195,62.7478454,1.965446831,2.246022946,tillering,5.522865353,30.80277526,39.96827062,summer,6.489794058,952216760,1549936522,2.189628347,2.189498036
leaf_574,0.65987803,3.633490234,59.57804524,0.234161212,90.84403237,1.87175255,2.205337485,tillering,6.354901066,17.52412398,30.227587,winter,11.13419454,2350640260,2825319737,2.866260101,2.863628243
leaf_575,0.876127338,3.638745565,55.58077244,0.588984556,62.72576462,2.166542564,3.520600568,tillering,6.320675189,17.58501349,37.49496613,summer,13.73459316,14290331352,13032922496,3.587091126,3.569473875
leaf_576,0.954568561,3.611735275,34.8586905,0.407204173,84.73812587,0.999917962,3.348951003,maturity,7.476779757,28.86581756,35.46452234,summer,1.350508707,717725377,1400597665,3.848561871,3.853042125
leaf_577,0.232366133,1.716388634,27.80666069,0.445674498,92.20133574,1.71905702,4.871748094,tillering,6.439604151,32.86513316,35.37079668,summer,7.275343852,1039274660,1026197325,1.441220443,1.433470846
leaf_578,0.933928863,2.353718033,39.5757015,0.294643913,69.47392615,1.670389571,4.971286006,tillering,6.012836739,36.29456839,29.88753392,monsoon,9.550938985,4606063219,4794728921,3.779762875,3.778979126
leaf_579,0.542904664,3.954968968,49.66565807,0.393399234,72.9672003,1.239475622,2.203415875,drying,7.282458882,35.56418692,36.78402689,summer,5.459883374,2174313041,2364600092,2.476348879,2.431046546
leaf_580,0.332419949,3.316037429,39.70276283,0.371659797,79.9122492,1.472115084,2.884493052,grandgrowth,6.482135899,38.94648982,38.50564034,winter,11.81370811,3169308211,2397407659,1.774733165,1.76598069
leaf_581,0.513222181,1.081502264,39.32723453,0.229958337,90.85981394,1.127564287,3.097047401,drying,6.69835127,27.44154686,28.27822692,winter,14.60067898,604377328.1,458336136.5,2.377407269,2.353579081
leaf_582,0.982029318,1.195613774,53.52921684,0.242464141,92.96669555,0.783688795,4.190447937,maturity,5.691337421,37.25966684,34.38245256,winter,14.20798313,2409782486,2619013377,3.940097726,3.91567906
leaf_583,0.543356285,2.39179413,34.45615116,0.534989008,85.88471368,0.927602421,2.578060896,tillering,6.265832815,34.2553982,30.88202244,monsoon,4.723755551,770303741.8,1084398677,2.477854282,2.411465377
leaf_584,0.395876449,3.727660618,54.39178699,0.295927981,63.03169163,0.711027293,2.535764878,grandgrowth,7.388447349,36.84002873,39.84322179,monsoon,4.168735898,610199131.2,497222261.2,1.986254831,1.968859206
leaf_585,0.670060769,2.616105394,36.27219204,0.277983309,83.42039544,1.86613915,5.775155557,tillering,6.679010768,10.34879804,32.18249224,winter,14.40486743,2545909157,3237740352,2.900202563,2.895366056
leaf_586,0.316131057,2.493437524,33.12932423,0.401964581,74.36063027,1.821454786,5.216811629,tillering,6.18900371,38.97708976,28.42480261,winter,7.420798824,1887039117,2045549204,1.720436856,1.707998375
leaf_587,0.168276995,1.3164211,38.15959645,0.507498853,76.47453498,2.401212743,2.722619608,maturity,6.751334361,24.20590489,30.72786438,monsoon,3.916168123,210895601.9,196746905.6,1.227589984,1.216131813
leaf_588,0.21599175,2.970340314,50.49787835,0.224778607,61.72019366,1.959356827,3.626271232,tillering,7.320822179,33.94548969,34.80757585,winter,10.89795749,1505231879,1701648095,1.386639166,1.366495377
leaf_589,0.215241255,3.466309482,25.04008111,0.430723168,66.68717488,0.604091678,3.422487997,germination,6.047981201,13.81612358,26.14134057,summer,4.981884535,60367345.48,-432202937.2,1.384137517,1.402392122
leaf_590,0.236712424,2.141260023,27.85676863,0.247684177,87.66797626,2.268490348,5.164016296,grandgrowth,6.510233437,21.87823287,34.0540288,summer,4.741457651,412994401.9,358156965,1.455708081,1.429779151
leaf_591,0.224944455,3.326835553,58.05779303,0.21458442,75.88855916,2.225350326,4.040851666,grandgrowth,7.417381308,18.14381989,38.96837139,winter,13.3094866,2220423612,2524698222,1.416481518,1.412326373
leaf_592,0.67678727,3.893429962,27.0196651,0.221097581,70.55817846,1.386640642,2.511398948,germination,5.844792287,18.74976312,37.75544181,summer,3.274708147,262036941.9,145184628.1,2.922624234,2.919580716
leaf_593,0.263692076,1.611299377,42.70909272,0.533665643,73.44066759,1.671726101,4.955968253,maturity,6.939327851,13.6976686,26.01510305,winter,1.901501251,138531773.7,67038485.17,1.545640253,1.543406181
leaf_594,0.411100555,2.569988894,43.17257867,0.247188993,89.90398297,2.452156665,3.587551913,tillering,6.728962016,34.17291498,39.90084818,monsoon,4.768610162,1950813817,1898648776,2.03700185,2.023145019
leaf_595,0.907109569,1.861413874,39.58497848,0.218060546,86.21496561,1.564608728,3.051696991,tillering,6.859350262,10.27726944,35.48090386,winter,9.49723578,712627605,858564188,3.69036523,3.697709252
leaf_596,0.526565476,3.378563257,45.78980994,0.375159955,69.5310389,2.310643657,3.501994488,grandgrowth,6.202439261,19.37516371,27.43421236,monsoon,2.723229948,771883254,687254379.8,2.421884921,2.378614839
leaf_597,0.700801965,2.732780098,29.19306903,0.537597389,64.11256441,0.666077516,3.991026254,maturity,6.127758747,15.2323163,25.18624134,summer,7.602325412,457758941.6,721010977.8,3.002673216,2.99666256
leaf_598,0.255087884,2.903747253,42.10649071,0.304963351,68.81993776,0.882103737,3.372462066,maturity,6.868419341,27.67116822,27.56923954,summer,9.782719546,499074113.2,600038721.5,1.516959614,1.508263691
leaf_599,0.273060117,3.393742479,34.88693021,0.368685047,92.22647579,1.381509887,2.96762309,maturity,5.93108657,17.62757208,37.57263881,summer,12.8823179,1140345007,919113582.1,1.576867056,1.583674855
leaf_600,0.136781755,2.187911418,46.46669039,0.215969013,80.35560932,1.669513617,3.594008115,tillering,6.33930949,17.76995364,25.32458987,winter,4.218174277,87124741.15,-221361808,1.122605849,1.128574728
leaf_601,0.252041557,3.745270205,25.64894173,0.379631406,78.67180731,2.132455704,2.076691643,maturity,5.876349292,24.65014432,28.49720955,monsoon,12.44284853,822388971.2,1178424890,1.506805189,1.529447344
leaf_602,0.350731305,2.599086602,42.83509667,0.431045232,80.87377599,2.47652423,5.089991384,germination,5.516609682,29.58067118,36.35958393,monsoon,4.288687656,2183126174,2912698048,1.835771017,1.855784932
leaf_603,0.259309436,1.473864469,27.41081422,0.428362822,72.8109893,1.277702993,2.683779574,drying,7.44011472,13.63914114,33.79165804,summer,10.47473158,201220548,53516575.71,1.531031453,1.540404548
leaf_604,0.17983228,3.087697355,31.14572252,0.332970677,88.24874571,0.594831272,2.175618455,maturity,6.363405957,15.26534357,36.74103566,summer,7.029430001,82495368.52,-125227674.6,1.266107601,1.29900019
leaf_605,0.208572284,3.379784051,28.74839201,0.326213272,78.31501873,2.102343007,4.614794772,drying,7.438699229,17.41524234,36.19225756,monsoon,2.605537393,306811240.4,146173455.2,1.361907613,1.352299116
leaf_606,0.514700891,1.950285031,27.31351119,0.242649448,64.0861766,1.708761438,5.095744515,tillering,5.78064704,39.21244642,25.75902081,winter,10.99968848,1192184363,1359256406,2.382336304,2.385590209
leaf_607,0.285700347,3.571537771,53.02843806,0.346719328,64.51727937,0.897085718,5.255316526,maturity,6.674733559,21.914575,38.38767129,summer,4.04867666,648639842.1,750736489.5,1.619001155,1.610953038
leaf_608,0.427842875,3.718429764,31.42830271,0.239797868,78.79007013,1.489656913,3.974036731,grandgrowth,5.901948066,27.96970272,28.40547751,winter,3.472727964,455329562.6,361189617.8,2.092809583,2.105807565
leaf_609,0.553075544,1.830713462,57.08495127,0.506638378,92.77995763,1.984620491,2.821472739,tillering,7.080148254,17.24628438,33.3008866,summer,6.016521,1860977752,1606171234,2.510251813,2.555964576
leaf_610,0.721355346,3.950564418,58.79706101,0.586509719,70.79232426,2.040823574,4.948910709,germination,7.067405978,24.71378575,34.66432235,summer,10.14606343,21581920800,19183059045,3.071184486,3.034508407
leaf_611,0.135380926,1.422134584,42.8504188,0.588029783,90.43394091,1.499236824,4.798852309,germination,5.725214298,12.22357523,27.52942316,winter,4.275950703,130011406.2,-33993120.08,1.11793642,1.125727835
leaf_612,0.819469359,1.606047005,25.72004491,0.54602844,86.74334553,1.11042906,2.985082936,drying,7.324128906,11.04226438,39.64346885,winter,3.571261543,304255737.4,202928327.7,3.398231197,3.402273768
leaf_613,0.665110351,1.552674518,34.98192974,0.44031686,68.6734355,2.447485164,5.613631023,drying,5.889259294,24.0620058,32.32233934,winter,1.13935076,391614402.1,507251781.8,2.883701168,2.897570255
leaf_614,0.173583129,3.68196913,51.90929053,0.480346279,61.27192619,1.826725222,2.417485832,grandgrowth,6.725954683,21.95977863,25.86464043,winter,7.603003359,626223558.5,904303265.2,1.245277096,1.255052234
leaf_615,0.886220762,2.962877657,34.69562915,0.314082321,63.56465428,1.316475039,5.930752958,grandgrowth,7.47126724,14.10640959,39.05893067,monsoon,7.00103797,2046329654,1962512577,3.620735872,3.6188387
leaf_616,0.92878516,1.45631285,23.48068873,0.452308168,85.49728768,1.060926448,5.440991244,germination,7.26479307,30.62804287,33.79401765,monsoon,4.274148411,1139286039,1553088780,3.762617202,3.755505889
leaf_617,0.154970164,2.320970255,42.27139644,0.38225982,66.98844083,1.962205966,4.751594582,maturity,7.413127857,39.78710473,35.48789797,summer,1.751130296,332674354,385382143.1,1.18323388,1.160682472
leaf_618,0.349189883,2.845894075,53.80483406,0.392806936,72.99448222,0.984366891,5.754999553,germination,6.185197542,21.86940464,32.87763685,summer,7.009582244,1353712446,1478127311,1.830632944,1.834200139
leaf_619,0.825581152,1.250392255,51.83705549,0.503110624,77.55947081,0.843419978,4.889244673,germination,5.711151284,28.73675908,37.52106932,summer,12.03487156,3190644893,3856533568,3.418603839,3.410694344
leaf_620,0.773433721,3.647249105,27.00492561,0.312767342,85.3913859,1.559667778,2.761827988,grandgrowth,5.876693747,38.88927827,25.49700193,monsoon,11.01394984,2812294908,3510629005,3.244779071,3.242377579
leaf_621,0.266068917,3.410810606,46.91058458,0.327215845,63.96309281,1.079974785,3.768624552,drying,6.50098979,34.94604917,29.02567548,winter,13.05112846,1560489437,1949386714,1.553563058,1.533705456
leaf_622,0.288414391,2.515620321,28.82017054,0.569856716,74.22282418,1.75781029,2.286012097,grandgrowth,7.086459357,23.9065667,32.04472535,summer,1.134157628,109410430.6,202377157,1.62804797,1.619126421
leaf_623,0.433424893,3.901379846,28.72830138,0.222489718,76.97755182,0.73587735,3.558629689,grandgrowth,5.800307288,32.12468453,26.14905424,monsoon,14.52987044,771226446.4,829017246.7,2.111416308,2.106431278
leaf_624,0.536070687,2.253282938,54.96287093,0.394253719,78.92894724,1.809882209,4.966412079,grandgrowth,6.819463065,13.84405121,35.58860004,summer,5.779771537,1803089684,1633307782,2.453568956,2.421755279
leaf_625,0.656429294,3.952330957,29.98675811,0.56512032,88.64262245,1.066593056,3.545773404,germination,6.147155208,25.36311566,30.90495121,monsoon,14.86556915,5278620170,4809530226,2.854764315,2.861089103
leaf_626,0.432022276,3.003759996,30.52989386,0.444145203,66.00873683,0.500485869,3.321176702,maturity,6.182404145,18.37180832,29.09001985,winter,4.536672448,144699692.2,-322740801.7,2.106740919,2.108853066
leaf_627,0.516281245,2.90401382,20.02613563,0.41856283,88.27410081,0.753872115,4.38142289,germination,6.82383546,14.83491064,25.0506827,monsoon,7.601509426,353176569,120771206.9,2.387604148,2.372535058
leaf_628,0.772723844,1.497864686,54.82676137,0.299897672,84.25074497,2.367230756,5.488818116,tillering,6.433998839,22.78842719,35.79745468,winter,5.954987472,3255772878,3124457897,3.242412814,3.238808994
leaf_629,0.133014883,3.645783275,51.70379253,0.337310196,79.4554785,2.234709278,2.19033277,grandgrowth,7.124066586,13.93043663,37.50713963,summer,5.98065001,366119591.9,441678127.3,1.110049609,1.135525499
leaf_630,0.32719325,2.282469064,45.0931574,0.540819366,84.48347546,0.967218064,3.541881739,grandgrowth,5.811837019,30.96955325,30.92560804,winter,12.79194938,1876617205,2149725985,1.757310833,1.737896589
leaf_631,0.742014627,1.486700217,50.01063056,0.423687253,74.42062086,2.056743809,2.632962967,tillering,7.07989654,23.68720132,33.46326966,monsoon,11.44986516,3026503984,3052312111,3.140048758,3.176627399
leaf_632,0.905686154,1.03782256,26.0819427,0.405896878,64.84391551,1.717143186,4.781417003,grandgrowth,5.628470496,25.93433898,28.41529939,summer,14.89012009,1635968224,2104376662,3.685620513,3.675657522
leaf_633,0.560509698,2.679267051,38.33294378,0.239831885,83.30178341,2.441809423,2.422898242,grandgrowth,5.88810776,14.39127816,34.33296469,summer,9.589205558,949114316.6,1208241195,2.535032326,2.551783081
leaf_634,0.578902137,2.582198866,34.04877549,0.206411263,78.36353073,1.247211319,4.659231034,grandgrowth,6.812299429,14.19314983,25.18206187,monsoon,7.485592462,435971398.1,203973955.4,2.596340456,2.597932284
leaf_635,0.19645481,3.158060867,23.75106105,0.585474075,82.37811802,1.862921225,3.144723483,tillering,7.209851313,27.50246306,32.32965846,winter,2.261034081,301744107,378417403.7,1.321516034,1.333468654
leaf_636,0.50267113,3.670774159,39.44521941,0.350794467,71.82995734,0.627071445,2.795667255,germination,6.005359255,39.55029243,34.66308223,monsoon,14.95185987,1978873007,2081064890,2.3422371,2.359433961
leaf_637,0.57935554,1.238219754,56.82958601,0.441285225,91.74033021,1.292494694,5.745410231,grandgrowth,6.154383212,12.8875175,38.7728766,winter,8.721429141,1643563050,2393213814,2.597851799,2.608150717
leaf_638,0.318223453,3.194489471,21.60236476,0.231886029,80.5579454,2.427635322,2.074098307,maturity,6.574241497,18.57194286,30.72003726,winter,10.80668458,418618001.7,402455695.9,1.727411511,1.738584257
leaf_639,0.342318908,1.562235832,31.65843654,0.473245714,62.98908695,1.577961749,3.751109088,tillering,5.923145613,36.0837735,36.47785304,summer,6.694393421,779560772.3,582412358.4,1.807729693,1.803772808
leaf_640,0.439555747,3.574531159,28.30163745,0.573026683,75.74313967,1.075759007,2.08650797,drying,7.122312523,12.16816037,33.96530545,winter,8.668019915,552674187.2,600766009.6,2.131852489,2.146727179
leaf_641,0.118064078,3.457190542,29.52586615,0.430266101,86.47246192,0.740541926,3.934372192,tillering,7.04727329,36.27657164,38.90518169,summer,14.19608825,922310778.3,1480178803,1.060213593,1.056056932
leaf_642,0.389871249,2.622381265,56.33738208,0.250446129,87.79470966,1.90705668,4.004189511,germination,5.790583424,25.7285795,30.97566513,monsoon,3.329872131,743072062.9,572321113.1,1.966237497,1.955516106
leaf_643,0.290303206,3.130728396,38.72276217,0.432688611,77.31089685,1.789712087,3.286649886,tillering,6.427659464,22.24800322,29.7864301,monsoon,5.093216181,751174457.6,389872652.3,1.634344021,1.601362594
leaf_644,0.394747617,1.94305034,38.65197652,0.506538885,91.31616498,1.247877427,2.52864711,drying,7.049655533,19.29041693,38.30712998,summer,3.128836189,352645089.6,13514435.99,1.982492057,1.963423014
leaf_645,0.207785919,2.413503697,50.4230257,0.362566615,69.3683953,2.401882704,3.505550151,maturity,6.174659062,18.91351474,25.73866602,summer,12.09102265,973093835.5,994339485.4,1.359286395,1.36022129
leaf_646,0.901474553,3.464910693,26.17968816,0.551935099,74.3709544,0.544405626,4.68905176,drying,6.766213645,19.17407747,27.04578089,winter,1.868633646,280907195.5,363827849.3,3.671581842,3.677209467
leaf_647,0.634233208,2.377795592,39.49061416,0.459473181,91.45089187,1.107447703,5.129583235,tillering,5.600426243,36.54409243,26.23606652,summer,2.142843098,817839659.4,1498774174,2.780777361,2.801244564
leaf_648,0.711192087,2.073394796,37.19940856,0.559699567,91.36898508,2.342138973,4.12300241,drying,6.717377521,31.71385691,37.64664935,monsoon,5.178917579,5625603614,5471063588,3.037306957,3.025533384
leaf_649,0.810254115,2.482637342,43.87642762,0.449402124,83.99994691,1.141870877,4.359337578,tillering,5.80530596,30.09169023,25.15911135,summer,8.198634533,2988105621,3549497580,3.367513716,3.375348842
leaf_650,0.548597979,3.484747757,59.98230813,0.252515189,90.06431915,1.004505668,2.802465484,maturity,7.16116665,33.96247447,37.92485733,summer,6.687847208,2264357904,1924617330,2.495326597,2.496473665
leaf_651,0.178228259,2.005624142,50.77795576,0.323876684,63.10706434,1.56844082,3.149321333,maturity,6.210898927,17.71343989,31.76901693,summer,1.627428349,52116726.38,-230698553.3,1.260760864,1.265655801
leaf_652,0.583395888,1.521284779,35.91462812,0.280717979,90.27482417,2.1476035,2.64758244,germination,6.063107725,28.54128436,25.06037918,winter,14.40488181,1434570419,1538305970,2.611319625,2.614954373
leaf_653,0.628157006,3.136042061,53.10212209,0.563530599,71.22169673,0.706293522,2.9971814,maturity,7.181777953,23.80198717,31.02467766,summer,14.34017329,3379612485,3617356562,2.760523354,2.780824442
leaf_654,0.770895527,3.477934638,26.82833453,0.504160027,66.24160293,2.386041419,2.899547121,grandgrowth,5.600288046,33.47324906,27.80201262,winter,4.910988525,2126872421,2820992144,3.236318423,3.210815366
leaf_655,0.488493592,1.301912436,21.21854745,0.470559348,68.37794427,2.090145762,4.077795146,drying,6.293217599,19.27768331,34.36600731,winter,11.24135861,867229804.2,1129562930,2.294978639,2.321338099
leaf_656,0.214822273,1.719622338,28.1779349,0.320386528,74.62889778,0.862500511,4.250755023,drying,6.240007081,29.29535851,35.19038185,summer,9.100055759,267085428,151770640.4,1.382740908,1.366622532
leaf_657,0.355398315,1.425915969,33.61646224,0.273617909,68.79172016,1.924015922,5.779789683,tillering,6.069600748,36.46637235,32.31291356,winter,4.32467373,551461056.4,261289287.8,1.851327717,1.830414061
leaf_658,0.426774067,2.043824235,40.4232303,0.502580435,71.21986551,1.269917445,2.782282588,maturity,7.323508664,22.06451429,25.60779288,summer,4.670401724,430889586.5,191369190.8,2.089246889,2.103343756
leaf_659,0.681325517,2.351052937,44.60516562,0.389663178,64.72424701,1.304589356,4.566702841,germination,7.001856787,11.99866262,34.84193207,monsoon,7.87614444,1237562523,1462879022,2.937751724,2.950070499
leaf_660,0.613700474,3.246479011,56.42422869,0.290315821,70.36618679,2.066580185,5.269037076,germination,5.627846328,25.48152467,37.63058175,monsoon,6.869317181,4634950198,4543830254,2.712334914,2.689396204
leaf_661,0.420487053,2.953442755,40.39416038,0.446648791,80.02993351,2.425569616,4.240965855,germination,6.929374899,20.37917463,35.80486416,winter,5.077210595,2367635113,2056789268,2.068290178,2.112878822
leaf_662,0.987863724,2.862785702,40.05102579,0.216133541,75.46487978,0.753311746,3.02001461,grandgrowth,6.554598266,30.16676142,37.44936878,monsoon,12.30516235,1914815695,2456038903,3.959545746,3.961058593
leaf_663,0.645197337,2.05712484,22.00972039,0.330468102,72.13515664,1.341260474,3.05020092,maturity,7.301735789,38.53098774,28.00764285,summer,7.740480847,868833584.4,742404226,2.817324458,2.828436035
leaf_664,0.313504113,3.524342659,21.39646211,0.387422798,86.12582451,1.461883216,2.157012212,germination,6.125891235,24.56824954,38.33331909,winter,10.16787287,729570424.5,878446841,1.711680375,1.72300801
leaf_665,0.191604225,2.413861502,42.04639848,0.259183334,91.272849,1.252623634,3.221776906,grandgrowth,6.648323999,23.9857069,29.83290176,summer,3.649829002,161180944.1,-37131559.85,1.305347418,1.314861789
leaf_666,0.237573225,3.937314814,37.52714453,0.593861791,86.4876228,1.226378247,4.978414716,drying,6.501510549,29.63754401,25.20107221,winter,8.469107275,2263503391,2447461067,1.458577418,1.448723036
leaf_667,0.321361956,2.902426415,53.5672158,0.283638946,71.62002457,0.604537335,2.190071029,tillering,6.479121812,13.10492511,37.65087469,winter,5.451664692,117101190,-151930825.2,1.737873185,1.752160516
leaf_668,0.244613236,1.378794225,26.42718339,0.252141252,86.05547587,1.871077241,2.87718113,maturity,6.412210799,17.60518567,39.12731903,winter,8.369790546,192453010.3,-117155926.6,1.48204412,1.496312295
leaf_669,0.267910322,3.028532686,20.99886648,0.28141395,65.31930639,1.372428834,4.824929994,maturity,5.911258951,37.56937977,34.83337296,winter,11.93156167,957111278,1150958586,1.559701072,1.527684365
leaf_670,0.356585652,1.975312046,37.96155072,0.507624453,64.56112958,0.889587605,5.130606251,drying,7.011419845,30.0982784,28.47154946,monsoon,11.76478494,1413602530,1409574843,1.855285506,1.88366212
leaf_671,0.256036236,3.05898159,29.49914227,0.370202264,72.0969463,2.132067005,3.82127364,maturity,6.402672065,10.40332132,28.77616696,monsoon,5.959089492,286925231.6,138814457.6,1.520120786,1.511797613
leaf_672,0.907088882,1.208923444,21.98457493,0.426166376,88.26958292,2.105121496,4.792297354,maturity,7.41703255,16.13876418,31.9988931,monsoon,10.71987964,1878335757,2354222263,3.690296274,3.692321021
leaf_673,0.172210371,1.524644312,48.98393147,0.208403663,68.62218865,1.472783256,3.551808675,maturity,6.021616854,30.48511798,38.46746619,winter,14.17805931,481638468.2,658302199.3,1.240701237,1.235544856
leaf_674,0.572060251,3.567211777,24.46372,0.213772523,62.21386931,1.096901322,2.63965298,maturity,6.865487679,32.93197608,27.24396484,monsoon,9.759370619,577827178.2,977822380.7,2.573534169,2.583536669
leaf_675,0.469357144,1.681538671,44.33278,0.37833022,64.60983373,1.776185452,3.592597974,grandgrowth,7.381434159,35.19578718,37.38960504,winter,3.077741727,815804940.9,585559819.1,2.231190481,2.22288384
leaf_676,0.984140755,3.511123376,31.24199001,0.526662097,90.0560739,1.076304272,4.319871281,grandgrowth,6.826916646,18.7653041,29.36954213,monsoon,10.51592081,4709639170,4403442575,3.947135851,3.953424277
leaf_677,0.200835012,1.837828265,26.93984201,0.554095551,82.18241497,0.972015861,5.792213127,tillering,7.242545815,37.93085789,37.12879254,winter,2.468661409,320957198,557850573.2,1.336116707,1.354693425
leaf_678,0.458070039,2.92864573,35.19006092,0.234682627,68.86204072,1.961029308,2.275003808,maturity,7.15496192,26.58840681,38.80406796,monsoon,13.20954572,1659512669,1924162222,2.193566797,2.184803625
leaf_679,0.97252339,3.082451721,52.05783105,0.415345241,79.43535389,0.580650479,4.029576375,drying,6.220235431,30.89617067,31.41240808,monsoon,8.233246941,2993873985,3548188230,3.9084113,3.906493456
leaf_680,0.878956413,2.537964259,35.68374308,0.565291875,78.46528678,0.689536942,3.315679113,germination,6.70024788,27.90216588,30.47575981,monsoon,6.391970308,1469913126,1628490445,3.596521378,3.597667277
leaf_681,0.835364864,1.91593203,50.03078597,0.355189102,82.94025925,0.513576348,4.033246777,tillering,5.81252268,13.68220164,37.03331978,winter,1.798092325,129381964.9,-101546911.5,3.451216213,3.432395757
leaf_682,0.332112544,1.637933129,25.01945187,0.531826333,68.1615644,0.805886373,2.09590179,germination,6.571051765,38.89343978,32.94224324,winter,6.330972284,222084472,220783598,1.773708481,1.752016994
leaf_683,0.253798829,1.099568064,50.91085679,0.253478262,90.25410455,0.637980017,3.252101419,germination,5.960843944,13.6862674,35.26673573,monsoon,13.64489335,132372924,-140682470.6,1.512662762,1.537121509
leaf_684,0.701778898,1.911839204,29.477333,0.574157796,70.82789967,2.491604736,5.27947259,maturity,6.98747363,17.64645869,34.34243855,winter,1.293761948,579533340.1,698949110.6,3.00592966,2.98250167
leaf_685,0.93643839,2.959488372,47.0957252,0.500569327,84.29460789,1.07761994,4.215766935,drying,6.556116844,34.40883641,27.29333268,summer,7.645074209,5888552176,4291715761,3.788127967,3.785730994
leaf_686,0.601086604,3.814914455,42.63126219,0.576533757,60.56436262,0.798536025,3.802329971,germination,6.322454725,28.55790885,37.6718554,monsoon,14.03621328,4947494924,4614870318,2.670288679,2.676752039
leaf_687,0.614451421,3.613613447,57.16578869,0.470646893,73.04299955,0.981992516,3.142100287,germination,6.037594192,35.14447496,27.93662667,monsoon,6.527773997,2604938768,2635294704,2.714838068,2.707285502
leaf_688,0.351981184,3.29819433,35.49290072,0.345361573,72.30984363,2.372251143,3.192170091,tillering,7.497396964,25.47208565,38.98423216,summer,6.994459624,2028819810,1653604508,1.839937281,1.818900698
leaf_689,0.79254364,3.36534203,22.64660755,0.575272469,79.021955,1.540320446,3.532405734,drying,5.643421042,21.30979706,28.75856937,winter,9.099840773,2350993415,2950483888,3.3084788,3.289046446
leaf_690,0.268339374,2.99495471,20.76621942,0.310226711,62.54576916,1.229636193,5.34228284,drying,5.587121361,37.65536499,36.0082146,winter,7.48112267,602790050.5,761512602,1.561131246,1.53606921
leaf_691,0.391311313,1.780860573,53.07434244,0.332869009,87.65459808,2.246782916,5.868852827,germination,5.934514801,11.08756953,29.2698309,winter,3.360423677,460474059.3,349432025.8,1.971037709,1.960719507
leaf_692,0.482892795,3.721585092,40.98942551,0.480323367,67.62232806,1.289980541,3.754621525,drying,7.442144917,35.68390661,29.76678113,monsoon,1.259777547,577018752.1,1087664277,2.276309316,2.26291018
leaf_693,0.556849341,3.012196936,51.00976207,0.50612652,83.69632352,1.17001714,3.573411355,tillering,7.458476337,16.92453356,29.65002779,monsoon,9.537363212,2704614289,2634917173,2.522831136,2.559906133
leaf_694,0.318168759,2.681321893,29.377024,0.571761394,88.11242431,0.914565045,5.386203103,tillering,6.80985547,35.46208983,36.21838381,monsoon,13.89129222,3778396476,3286544600,1.727229197,1.706309434
leaf_695,0.203353142,1.332968408,33.80334982,0.281920964,79.66569347,1.255593648,3.707621283,tillering,7.260213334,14.1758984,33.35222677,monsoon,2.489097862,40927051.47,-82442169.43,1.344510474,1.357675224
leaf_696,0.649558038,2.341166631,21.20415489,0.519199214,85.93091224,1.133368712,4.208072689,maturity,5.927923462,27.40656891,38.24428684,monsoon,3.95333807,842688249.1,834052685.8,2.831860127,2.843097874
leaf_697,0.359767498,2.381074814,58.45969298,0.495418421,83.16511093,1.854607919,2.923766658,germination,7.444084188,36.64323757,29.61059079,winter,6.183212802,2793804568,2205650792,1.86589166,1.879484709
leaf_698,0.623114399,3.593690829,46.71471627,0.225517823,72.4435429,1.079165409,4.974010143,drying,5.7855697,24.20618941,35.37988783,summer,12.32239121,2800473412,4137596883,2.743714664,2.734229753
leaf_699,0.238926444,2.639944661,57.32820351,0.354889256,88.31004887,1.654399493,4.127953273,tillering,5.702250376,32.39700021,36.29422899,winter,4.769644431,1237514162,1403303259,1.463088146,1.452295241
leaf_700,0.533026092,2.141201647,30.6198563,0.313106183,70.31454795,0.63178433,5.236138201,germination,5.724423078,34.14014854,27.2722317,winter,13.34876166,905429749.3,1036440496,2.443420306,2.415066499
leaf_701,0.579330489,3.930400986,44.45854445,0.32179617,79.99245212,0.882578313,5.12293092,germination,6.646255847,32.09482626,31.00884036,monsoon,1.769410245,689471420.7,1695647233,2.597768298,2.612873697
leaf_702,0.146641183,1.33216178,47.13999873,0.593178752,86.08892087,1.314810543,2.860019073,maturity,7.061948801,37.75989211,32.24226242,summer,14.1733927,1077437510,1150534025,1.15547061,1.154414581
leaf_703,0.40294385,2.267645285,32.70198801,0.457110965,73.26345684,2.373898508,4.862542202,drying,6.233334356,23.40502692,30.33531085,summer,8.85045909,2262258383,2161882158,2.009812835,1.980094199
leaf_704,0.220973209,1.126074026,53.9243694,0.487070463,70.59686627,1.254503971,5.200217632,drying,7.455791976,15.19376317,29.83168894,winter,10.2228875,519927728.2,829951839.3,1.403244031,1.399726356
leaf_705,0.157037473,3.219712362,57.88645852,0.590647055,76.07711036,1.828148242,3.384428963,tillering,6.368840276,11.43433191,35.29629841,summer,6.147653316,642918474.1,1019742426,1.190124911,1.192992208
leaf_706,0.990964209,3.754229657,55.39420471,0.350880713,88.6287223,1.010174445,2.690436452,tillering,5.800897102,17.39379609,28.23799596,winter,11.94792,2964708214,3272280972,3.969880697,3.980536965
leaf_707,0.39011846,1.840111989,49.56267904,0.520736067,92.54726171,0.754067152,2.010528622,germination,6.431933496,14.29592512,35.64086118,winter,3.331927501,141926859.2,-122851595.5,1.967061535,1.98362885
leaf_708,0.828887001,3.57502503,31.09858719,0.373812385,79.07791945,0.6170732,3.803614612,drying,6.858074331,26.73846224,39.02566295,winter,1.684765554,385438925.2,633523868,3.429623338,3.412522068
leaf_709,0.329176589,1.876654691,31.26464168,0.547813469,83.15131719,1.110826997,3.409730926,drying,7.164451561,15.54836012,33.47796282,winter,6.537237204,406186936.2,392651160.2,1.763921964,1.737191903
leaf_710,0.71335245,3.732310485,58.53441282,0.272263017,91.61457678,0.815322054,4.219639335,tillering,6.41753658,11.16801122,34.17151355,monsoon,12.95174,2121082071,3318312535,3.044508167,3.041100404
leaf_711,0.784205074,3.261885711,20.41137984,0.579074471,63.4491398,0.848020896,2.75216437,grandgrowth,6.687213652,11.07969487,26.03399053,summer,11.56897571,499563256,861497953.3,3.28068358,3.284010073
leaf_712,0.636074867,3.414720331,48.64199893,0.287508683,68.12275023,2.021518617,5.438662191,germination,6.034689424,34.94708495,37.96715355,monsoon,8.240183587,7505308848,6133254688,2.786916222,2.818971466
leaf_713,0.52441857,1.054019667,48.2498465,0.330488203,84.81150022,0.531676142,3.031020863,drying,6.791833053,27.74349794,29.28171681,monsoon,9.00992846,299437107.6,316131502.1,2.414728566,2.374575993
leaf_714,0.470656823,3.888431071,44.90758164,0.502476894,88.83105617,1.615620251,2.90571842,maturity,7.471943888,20.74255906,34.22576748,monsoon,2.818499568,1287387468,1246073690,2.235522742,2.222911724
leaf_715,0.41398144,3.180012976,59.60435384,0.357502057,89.99601599,1.258922761,3.922856226,maturity,5.598107145,36.82684128,39.68668255,winter,12.76954112,6513086138,4930139992,2.0466048,2.097724118
leaf_716,0.93657623,1.914253286,32.47517743,0.443284551,74.52875119,1.5131,3.995404095,grandgrowth,7.273061341,12.10589834,33.93253901,winter,12.01743556,2087571134,2161533850,3.788587433,3.782484888
leaf_717,0.847557467,3.488183995,33.59887455,0.3778294,63.12689658,1.625660474,2.860340915,tillering,6.624565006,39.40966218,35.87064231,monsoon,10.19058551,5256776064,5112521842,3.491858223,3.510443884
leaf_718,0.96852422,1.844563595,23.15757612,0.496947975,75.32235171,1.126735389,3.087442907,tillering,6.004197319,28.48875371,31.67979427,monsoon,7.526674509,1098592891,988284294.8,3.895080732,3.908453721
leaf_719,0.211867501,3.618261519,37.71192546,0.291332501,68.07571066,1.09021772,2.678820957,tillering,7.40977942,15.50392762,25.90548765,summer,14.50242976,361352121.4,182536094.9,1.37289167,1.378688114
leaf_720,0.757780728,1.337741171,30.44194105,0.223383195,70.19187592,1.966803699,4.873840713,maturity,6.466708606,30.37207297,36.96399024,monsoon,13.30644761,2240404267,2509122868,3.192602426,3.183999372
leaf_721,0.944506411,3.111057932,33.73546809,0.319971759,87.02936449,2.242553976,5.080356125,tillering,6.163380503,32.90143779,25.52498262,winter,10.02202691,8157163227,7905108805,3.81502137,3.815869405
leaf_722,0.26310976,2.62209543,53.38287161,0.389723466,62.64344801,0.885163265,3.84931399,maturity,5.862995257,22.8802835,35.50986743,monsoon,6.205213968,452775662.3,574227325.1,1.543699198,1.534481408
leaf_723,0.159846641,1.289603411,57.41938054,0.267208021,88.96534261,0.695237521,4.856348091,grandgrowth,5.988904421,35.84897819,25.3438236,summer,9.652311902,249476244.6,415112984.1,1.199488802,1.188455068
leaf_724,0.767008584,1.725681485,27.42932288,0.341918916,74.968418,2.295591613,4.943741568,germination,7.165698083,14.52197222,37.93457855,summer,9.056172971,1887825719,1710810070,3.223361948,3.205307156
leaf_725,0.617025802,1.037212109,34.90035726,0.359993207,80.86223759,1.199790927,2.553102111,drying,6.728820019,18.36512751,27.36454054,monsoon,6.51938783,219539382.1,-71308640.87,2.72341934,2.699001172
leaf_726,0.857645899,2.406303896,57.14522248,0.222956737,63.13782809,1.602634781,5.864712099,grandgrowth,7.326491239,12.80477085,32.71407243,summer,5.293435604,1267476782,1805046764,3.52548633,3.505925405
leaf_727,0.225795139,1.903795782,22.47233843,0.433322899,71.80756774,1.219086289,5.284127788,maturity,5.963936904,16.32633522,33.95726057,summer,6.698151091,214413522.2,22709545.23,1.41931713,1.397493337
leaf_728,0.815740581,2.795072453,23.69442112,0.553737371,63.13953217,0.751604673,2.817933845,grandgrowth,5.742277148,17.16186436,31.86318111,winter,9.034759684,567467581.4,722199173.8,3.385801936,3.368608891
leaf_729,0.281464588,1.891713423,26.51163957,0.260697165,93.6540303,1.67866329,2.744660143,drying,5.512175062,37.52899573,30.11145234,summer,6.993887826,345892351.2,29965100.6,1.60488196,1.608384459
leaf_730,0.247290349,1.899757335,43.80851337,0.439123205,88.25415773,1.550281704,2.502644582,germination,6.515724075,12.34329066,32.01721444,summer,4.690042835,186861216.6,47712342.49,1.490967829,1.513809264
leaf_731,0.247839218,3.229579596,26.01889084,0.465895682,76.0871464,0.905987118,2.55351425,drying,7.496613861,22.82245361,29.67123631,monsoon,11.65348645,505189236.7,457454368.7,1.492797394,1.502637423
leaf_732,0.833117248,1.144428508,58.72305526,0.367733872,67.82608919,1.403738089,4.992647196,maturity,6.889930538,25.97196062,31.57183521,winter,8.440544943,2333515595,3238178747,3.443724161,3.412511253
leaf_733,0.698677499,3.708684986,37.86858109,0.480439035,92.67092868,2.093895008,3.878617028,drying,6.116789184,36.96079161,30.38369486,summer,1.947452285,2373184652,2804301229,2.995591662,2.997163775
leaf_734,0.570758882,3.556791623,40.06071841,0.364292617,72.06088085,1.680852206,5.131736691,grandgrowth,7.253717166,39.93088656,33.49307235,monsoon,6.156431079,5499171306,4487592757,2.569196274,2.592661572
leaf_735,0.422947436,3.00341405,29.86634463,0.401854915,65.63445511,0.693834654,4.985019577,tillering,7.063444532,32.60164345,28.56886243,monsoon,13.3887884,1524291273,1654345252,2.076491452,2.093572626
leaf_736,0.889480487,2.77966471,38.8384101,0.202941218,79.7107536,1.596042994,4.418450854,grandgrowth,5.530830332,39.12372972,39.82984832,monsoon,11.57331144,5463349158,5045234454,3.631601622,3.612373183
leaf_737,0.453200597,3.676907494,46.47654531,0.476688046,93.03209421,1.905476599,4.745466426,maturity,7.133720961,33.61303398,32.5130493,monsoon,5.525454975,6689230814,3731045091,2.177335322,2.174067913
leaf_738,0.834939496,1.555990539,50.04708548,0.464537072,60.13406017,2.085406812,2.073422898,germination,6.101053514,38.89607923,27.91243116,monsoon,14.13456413,3676385819,4054575881,3.449798318,3.428240192
leaf_739,0.495221418,1.236907487,50.15472331,0.215360351,68.33436951,1.758235157,3.247110587,drying,5.799346929,31.21812178,32.15600124,monsoon,2.072440717,155713933.4,34128126.14,2.317404726,2.31796189
leaf_740,0.439249986,1.71853051,43.11564451,0.347300043,92.84566741,0.805316329,4.551288717,germination,5.952661679,12.39290276,37.99622694,summer,14.45728585,779386259.2,405177491.5,2.130833288,2.124407651
leaf_741,0.516411807,3.383734836,56.174391,0.591612736,65.98800884,1.920346533,2.037379814,maturity,6.437159609,22.05760561,25.3271019,winter,4.439871295,1196915606,1392662267,2.388039357,2.389394469
leaf_742,0.371240087,1.1040108,52.69631389,0.368294625,63.96352081,1.854683692,2.131907775,drying,6.349735854,29.39791851,35.19331179,winter,1.127318524,74494371.28,256499018.9,1.904133622,1.970690086
leaf_743,0.772848442,2.748420505,50.28192459,0.400778162,79.95655255,0.548853766,5.40755193,grandgrowth,6.077774599,20.52155528,33.21951695,monsoon,7.073312511,1488489895,2209365929,3.242828141,3.237475746
leaf_744,0.552448351,3.986312549,22.22422087,0.563972063,90.16453382,1.323495335,4.736099447,grandgrowth,5.844436644,18.20151754,27.54336992,monsoon,6.025586016,1377091371,1319633127,2.50816117,2.568905169
leaf_745,0.308991426,3.567088282,20.27511849,0.48690475,76.69884362,1.165900494,3.061478932,maturity,7.024461579,27.32197801,37.26214659,winter,8.547246073,910413181,831735090.1,1.696638085,1.698437901
leaf_746,0.909617116,2.564337067,28.49789109,0.432828052,94.80974898,1.838824129,4.75185136,drying,7.480219567,38.0050563,30.53326934,summer,12.15482005,12573768704,6686143939,3.69872372,3.714868385
leaf_747,0.445502099,1.190922728,46.54094376,0.519121873,83.77100948,0.932271625,5.169826677,grandgrowth,7.055583161,11.04945621,29.40703043,monsoon,12.79403123,759018657.6,1131535149,2.151673664,2.132050343
leaf_748,0.589197575,3.494120543,36.44789956,0.545746507,62.59262175,1.681743846,3.227177132,maturity,6.091873935,33.07693611,37.42187788,winter,6.617219995,3470686882,3019384549,2.630658583,2.622921293
leaf_749,0.9158249,2.796935525,36.09625037,0.382755229,94.74912461,2.326411924,2.14414951,maturity,5.989617923,31.68181834,34.57787569,winter,7.017840412,3851022280,3738169202,3.719416333,3.723455312
leaf_750,0.661814196,1.344798991,55.38347553,0.390043346,74.27629829,2.095604744,5.731116499,germination,5.935331752,38.91860276,38.47388626,monsoon,3.074488225,2343130773,2966902267,2.872713988,2.889914873
leaf_751,0.205208237,1.281571854,55.82251393,0.354420374,70.05908868,2.342915472,3.380719353,grandgrowth,5.773390149,37.92133667,34.44825556,winter,1.665666524,181357651.9,281150707.9,1.350694122,1.353924744
leaf_752,0.945848911,3.728880458,56.36701056,0.586682456,79.52577143,2.457011934,2.425927053,drying,6.602661099,32.86697686,36.11226487,summer,9.977009863,21613501254,20510785238,3.819496371,3.837976606
leaf_753,0.664937248,3.007600789,32.55512306,0.478866502,70.65076571,0.521340254,3.967427486,grandgrowth,6.710800744,25.61226294,37.54668844,winter,1.902126758,279630909.1,248324018.9,2.883124159,2.888252218
leaf_754,0.401415053,3.487860398,47.64223251,0.233289226,63.02601275,1.745482553,5.073871183,grandgrowth,6.911005321,16.1280266,25.82109454,monsoon,11.27362167,1409109961,1880077811,2.004716844,1.989505744
leaf_755,0.225344865,3.636936701,30.86532725,0.545183849,60.04999201,1.325678796,2.886589258,grandgrowth,6.860426742,26.35707155,36.64073438,monsoon,8.54726203,897311038.9,872749031.8,1.417816218,1.39732136
leaf_756,0.81462267,2.715317056,27.62439332,0.392223976,75.73541735,2.219708981,3.077960201,maturity,6.084666623,32.96055982,34.20559723,winter,3.780161695,1607943985,2366058110,3.382075568,3.372655694
leaf_757,0.65806548,2.552339055,27.38529829,0.227501563,89.29021978,1.003629404,2.970859947,tillering,6.160622011,36.87007638,26.04261695,winter,8.553321209,704785227.5,1096087986,2.860218268,2.864151799
leaf_758,0.580114983,2.291282231,33.68430483,0.419886902,80.0310315,2.462058978,5.966692211,tillering,6.863029071,33.69136028,32.62866883,monsoon,3.561968032,2969865970,4057552131,2.600383276,2.618817121
leaf_759,0.904503325,1.950839763,37.19830479,0.366865712,94.97225546,1.727415939,2.789614935,germination,6.198895282,15.85800806,26.23687117,summer,7.142320905,1015042701,786821828.2,3.681677749,3.689095598
leaf_760,0.80973749,2.303787883,53.23796684,0.551099762,70.0396326,2.087074804,4.302080868,grandgrowth,5.925246379,27.99058943,36.03920803,winter,12.19384443,12543051813,10844228068,3.365791634,3.364615916
leaf_761,0.236507392,3.321638967,24.79564374,0.281597841,69.81592727,0.671199106,5.701058567,tillering,6.248672307,19.96520379,33.19752571,summer,7.466870108,226589119.1,101743226.4,1.455024639,1.439822988
leaf_762,0.380549861,2.805770293,49.3970339,0.530585844,65.59123111,0.86691577,2.587586276,germination,6.044168315,10.27617002,39.30360306,summer,3.081790456,154885599.7,-46665958.34,1.935166203,1.952072598
leaf_763,0.323640226,3.67756987,41.25819657,0.423075476,65.74222559,2.016807346,5.883416791,maturity,5.676625442,16.00662807,27.74703057,monsoon,11.13360155,2274585354,2696956215,1.745467419,1.765559486
leaf_764,0.769551663,2.330140043,31.51781371,0.221844121,69.98153086,0.543973044,5.789908938,grandgrowth,7.160277805,13.3966195,34.09050179,monsoon,3.614757828,163329286.2,39863334.22,3.231838878,3.207119255
leaf_765,0.130179191,2.821268736,39.71278338,0.588738121,87.74940158,2.133755972,5.538287948,drying,7.206222778,35.28157371,28.17373202,monsoon,11.33969824,3616383409,4226972654,1.100597304,1.115340783
leaf_766,0.612900716,2.893922659,31.99768279,0.405046098,91.70148767,0.527898037,2.858226085,maturity,5.9395006,17.75518756,34.21097477,summer,7.710932049,442425918.9,293396896.2,2.709669055,2.705543494
leaf_767,0.786212817,2.775091487,43.84327821,0.316350742,94.12805094,1.814237678,4.536220224,germination,5.629544399,18.54093907,35.83974554,monsoon,7.352384627,3223775536,3118906461,3.287376057,3.275449895
leaf_768,0.889089073,3.107901319,37.35375691,0.387762737,68.13013789,1.23018784,5.043565892,maturity,6.977654875,38.79809715,35.83456494,monsoon,12.92009053,10602758243,8145611103,3.63029691,3.627312973
leaf_769,0.407873574,1.712300405,26.57622116,0.543143113,90.8454141,1.722989705,5.944111713,drying,5.923057252,21.37260169,37.22610986,summer,10.92044934,2413499310,2056314465,2.026245246,2.033143702
leaf_770,0.839131574,2.537091333,24.66332298,0.32196125,71.48892812,1.892062814,2.721695288,maturity,6.286870979,10.2875692,37.80325342,summer,1.460751157,111136812.1,121838903.4,3.463771914,3.512726018
leaf_771,0.199568563,1.312674408,41.86782728,0.277070559,63.94941906,1.184950438,5.064103598,germination,5.628270504,18.51538445,26.15907589,summer,5.146440404,81802461.29,-192931844.8,1.331895211,1.356456994
leaf_772,0.861807063,2.153533983,56.09652133,0.251628499,90.45087239,0.715924896,3.35520468,drying,5.95253917,13.57898742,30.14900736,summer,13.19288925,914975290.9,1115514983,3.539356875,3.530467614
leaf_773,0.214739796,2.463001206,33.75830746,0.319143759,82.26369721,0.639291735,2.702505862,drying,7.085804557,13.08425685,35.30683781,winter,1.25656636,16655996.72,-89437626.48,1.382465987,1.394728435
leaf_774,0.457558562,2.956672779,49.32000429,0.512019235,65.76558136,1.677872045,3.685507765,maturity,7.108792894,12.3246187,32.47879431,monsoon,8.633548248,1706643223,1831646532,2.191861872,2.174785029
leaf_775,0.817565829,3.851593158,46.3464542,0.388650546,75.04409401,1.541310707,5.175343649,drying,5.91416965,27.79778411,27.8601392,winter,11.18955937,8700717497,8648400883,3.391886097,3.407441346
leaf_776,0.234925685,2.8019532,57.26219657,0.290992641,70.05401932,1.984402018,3.859399215,maturity,6.17182769,15.68043171,33.29064355,summer,9.705985197,920083914.7,1054131236,1.449752282,1.430972559
leaf_777,0.306326256,3.230781749,52.83924069,0.266474,85.7878099,1.51947102,4.150092401,grandgrowth,5.768476838,20.83728382,31.11153479,summer,11.64745083,1641737081,1228298198,1.687754186,1.668999337
leaf_778,0.750027312,2.518798178,42.66421036,0.333091791,75.86956807,1.34489158,5.980637641,drying,5.648345261,35.86053148,30.85057416,summer,11.15968588,5712466279,5535313213,3.166757705,3.174528222
leaf_779,0.748032883,2.902312094,46.28121993,0.575969749,94.62479808,1.296174356,3.596437198,maturity,7.484343429,22.73014419,37.14630576,summer,10.68842973,8621157580,7173159624,3.16010961,3.181615762
leaf_780,0.67703287,1.212796648,55.93545866,0.337210685,61.91607438,0.552893805,4.461603019,grandgrowth,6.811187902,37.4707405,31.11397501,summer,12.50155805,1174159558,2050076917,2.923442899,2.898637504
leaf_781,0.7245536,1.763174743,35.98075138,0.59524963,72.42553431,1.171114403,3.460976806,drying,6.584193018,24.9381416,25.39681758,monsoon,10.03966936,1681358451,2285054863,3.081845333,3.052419604
leaf_782,0.588451999,2.08555928,33.07178823,0.394092182,76.86650585,2.452040315,3.571142585,grandgrowth,7.030997001,21.96509845,25.87095008,winter,6.63385892,1426788816,1761453799,2.62817333,2.614342328
leaf_783,0.326619153,2.417480065,20.43244335,0.271665567,77.60967442,2.247111152,4.782563014,drying,7.180154319,32.51166781,37.84366063,winter,7.606727539,1228272133,1197520159,1.755397177,1.728973831
leaf_784,0.411126394,1.136946237,53.06204297,0.556456037,71.05775378,1.158756134,5.751547904,germination,7.113429536,12.19525296,39.40901215,monsoon,11.03414696,1232799754,1773122154,2.037087981,2.055904468
leaf_785,0.263437945,1.420072293,52.03922802,0.384142149,85.52340872,1.67559081,4.169435802,germination,5.533078899,12.68435149,35.32614005,monsoon,13.26828442,734950261.4,1041016724,1.54479315,1.547392775
leaf_786,0.917605505,1.830442923,24.17818072,0.483868537,90.61614757,2.194593491,5.073599716,maturity,5.873615796,29.55921142,30.46552441,monsoon,4.811063212,2522651116,2742205984,3.725351684,3.740885314
leaf_787,0.625052615,3.914598073,43.07429525,0.593484633,92.85517557,1.382548674,2.356826235,tillering,6.809810604,24.6082214,39.07900474,winter,5.789075144,3587430264,3342616020,2.750175384,2.745448663
leaf_788,0.460766275,1.994041021,38.55926793,0.22007014,88.17826819,0.535915728,2.84463215,germination,6.251518696,33.71245751,34.9420463,winter,14.03035155,541441690,605301223,2.20255425,2.173183957
leaf_789,0.515805223,2.446123174,24.74836382,0.238677824,89.77030691,0.649020924,4.008526564,tillering,7.464965302,37.48812512,37.66500324,summer,9.099165094,834698947.3,933512210.7,2.386017411,2.369760992
leaf_790,0.952555006,1.588293138,59.22272908,0.488182697,79.26908552,1.520785443,2.080046895,grandgrowth,6.830809585,21.65100633,36.48778456,winter,3.50546544,1037408729,1495645017,3.841850019,3.819056764
leaf_791,0.238016263,2.832340213,28.5878355,0.312730001,88.90608792,2.438878751,3.011419915,grandgrowth,7.413097817,27.8923008,30.68708974,winter,10.29173194,1284973422,1455307535,1.460054209,1.457628383
leaf_792,0.627606849,1.842049647,22.6893672,0.273720559,70.62263682,1.886419084,4.069605159,tillering,5.902892963,25.02089883,32.18053301,monsoon,14.87067018,1375671646,939487583.5,2.758689496,2.779480653
leaf_793,0.555299811,1.620977735,43.79389518,0.215744752,73.94675667,0.641832383,2.059844793,maturity,7.227914056,39.44831967,27.79198232,winter,12.5283499,412722870.8,655816553.7,2.517666037,2.540756044
leaf_794,0.650308812,2.549717885,49.55466709,0.208738685,71.09195548,0.878721752,3.058185145,drying,6.142704612,34.93253222,29.38021151,summer,11.44037591,1181652569,1669066764,2.834362706,2.833414131
leaf_795,0.116299165,1.016517397,21.29773784,0.509794241,76.35855674,2.042646286,4.056123278,tillering,7.479129616,37.35213125,36.67188492,winter,3.91265316,162750704.7,206483873.7,1.054330551,1.054659059
leaf_796,0.884911518,1.022992098,46.34870555,0.253773371,69.99528657,2.18287952,4.292596992,tillering,5.815377344,17.63020263,38.40967588,monsoon,13.26595699,1824143078,2397980044,3.616371727,3.60448571
leaf_797,0.938906454,1.657206427,41.29167504,0.387088246,93.65640048,1.735389172,5.703006772,tillering,6.532679638,33.17579269,35.86690635,monsoon,8.361043809,7491119821,6369849297,3.796354847,3.798210812
leaf_798,0.608619865,1.110164088,24.13060036,0.442358726,70.94956198,1.788846339,4.581382493,tillering,7.085689068,17.96419675,31.97760545,summer,13.45006031,1147956417,1487020020,2.695399551,2.680498468
leaf_799,0.726985741,1.324077262,26.90095508,0.37134072,63.43155883,0.556674901,3.65894321,tillering,6.365284961,16.262276,26.29763903,summer,5.617589612,94990055.38,-465782701.5,3.089952472,3.078712918
leaf_800,0.930249443,2.016581948,42.71897189,0.210842661,78.43860081,2.157060519,5.721404709,maturity,6.43616812,38.32798479,25.85421923,winter,1.868714737,974714033.6,2549041409,3.767498144,3.771252911
leaf_801,0.736514771,3.407757039,31.85430454,0.513400601,61.99846775,2.076550416,5.139531934,germination,7.472711591,10.5791325,30.61488347,summer,7.663663561,2518772328,3639666691,3.121715903,3.168805065
leaf_802,0.237285139,2.71614593,57.53262915,0.20420529,63.86901082,1.018070288,2.800035684,drying,6.350616301,38.96166111,31.95732578,summer,4.777726467,260406260.7,151039242.7,1.457617129,1.429510082
leaf_803,0.618659524,2.538003178,52.74960918,0.504755958,67.67862862,1.91735344,2.523369445,germination,6.708144201,14.47785691,34.13680933,monsoon,11.01321006,2499151908,3048238398,2.728865081,2.699493114
leaf_804,0.646043542,1.88046647,59.34268826,0.557321798,76.25225875,0.929709213,4.703246543,tillering,5.609079321,34.58314245,25.09734282,monsoon,14.39949174,4695687285,3895675410,2.820145139,2.834616123
leaf_805,0.481717604,3.795261158,30.38683356,0.373135968,75.16378263,0.580660322,4.239532662,germination,7.18442016,18.27767659,39.84584336,winter,10.67363812,1071059809,836855974.7,2.272392014,2.262440769
leaf_806,0.762799812,2.191045124,58.78894531,0.414216989,87.98921517,0.902273085,5.158694455,maturity,6.796336098,20.52106982,30.45908325,winter,13.41707502,4750203924,4835980020,3.209332707,3.213477163
leaf_807,0.940930313,1.2612783,37.24935479,0.390793357,85.88161289,0.857257754,4.9552202,grandgrowth,6.308040206,16.50273134,37.72141996,winter,7.34233619,908555515.1,867455679.5,3.803101044,3.816332714
leaf_808,0.933011662,2.851199548,33.90075181,0.355683447,74.92114029,1.175495993,4.500846135,germination,5.53233908,27.56542127,33.02450058,winter,11.80297032,3779012869,3936399520,3.776705539,3.780484247
leaf_809,0.505755434,1.34151518,22.01398108,0.554969814,71.67964727,1.336898994,5.945528687,drying,6.683337641,20.44286643,26.95659182,monsoon,12.80260811,1113416536,1209897411,2.352518114,2.358480615
leaf_810,0.201914241,2.035669428,22.11061031,0.557573404,71.07640744,1.517077783,4.13435892,maturity,5.525315657,29.72179118,36.96348329,winter,10.95225879,750926004.9,1252771381,1.339714138,1.358638808
leaf_811,0.986357079,2.522235816,47.68045024,0.334326546,87.08982806,1.453507751,2.452423026,grandgrowth,5.502407228,10.46941954,35.64740612,winter,8.108882005,1025051028,1695044458,3.954523597,3.950222462
leaf_812,0.855008278,3.622667574,38.31715978,0.446027902,61.82253422,1.041349212,5.313094259,maturity,6.732197124,11.93124651,32.91154127,summer,9.762125535,2336415687,4291711053,3.516694259,3.525212032
leaf_813,0.212196413,2.480639741,29.06086504,0.570763025,60.44875773,0.558341337,3.007413449,tillering,5.878034135,12.98983458,32.71829637,winter,10.80709794,119633250.3,66406050.18,1.373988044,1.392810329
leaf_814,0.928757694,3.106776298,44.55881225,0.5848234,87.84405372,1.710203244,5.109208593,grandgrowth,5.883775099,22.56981056,26.31219409,summer,4.543181645,4580950835,4348868449,3.762525648,3.757926556
leaf_815,0.882906726,3.978450517,30.11432473,0.403583616,76.70012316,1.29148966,5.828428384,drying,6.806543132,34.44388518,34.83773423,monsoon,12.33410965,12414817694,9853485341,3.609689086,3.604652293
leaf_816,0.566954251,1.39446736,43.10527017,0.381129922,64.58083985,1.097344315,4.787182056,grandgrowth,5.607394376,36.64533731,38.66867734,winter,14.30454355,2504202753,1910407642,2.556514171,2.590927632
leaf_817,0.632147892,1.824194577,34.36834988,0.311477726,68.24480771,2.233882086,4.384120644,drying,6.126811123,17.3443222,26.39867379,summer,7.513350413,869491759.8,710675748,2.773826307,2.794685727
leaf_818,0.459102433,2.183728227,52.94208906,0.583548749,92.63763836,1.993486616,3.841544703,tillering,5.798863804,27.23109173,28.95267176,winter,10.81494056,5432301172,4488329963,2.197008112,2.192931159
leaf_819,0.149285475,2.265484536,52.82784643,0.257125722,90.08260415,2.215531097,3.457639464,drying,6.66035274,33.05094978,38.5346196,summer,11.31836268,1521848558,2292013044,1.164284916,1.156032161
leaf_820,0.401677517,2.233063226,39.09401592,0.43193183,84.84247676,1.489965589,3.412019004,maturity,6.823530309,18.6648829,29.26515865,winter,10.27146567,1250526092,1150080697,2.005591725,1.970272544
leaf_821,0.822568104,3.722833008,34.03276437,0.313020107,76.87788306,0.761862504,4.545490823,germination,6.942271707,22.2702321,34.80915508,monsoon,8.659611517,2023773620,2536883917,3.408560346,3.416908988
leaf_822,0.104168821,3.142097933,34.50239186,0.311603316,78.21132692,1.892442872,5.005092468,maturity,6.010462434,25.71922608,33.02227247,monsoon,13.34307136,887793230.9,1232303589,1.013896069,1.027728631
leaf_823,0.400149255,2.823715642,52.22858103,0.361987435,94.13355873,0.91214756,4.714068278,maturity,5.678499503,14.04624539,33.94491408,summer,7.28497393,852740136.6,696887866.6,2.000497515,1.970384584
leaf_824,0.458351824,1.928118154,33.12717931,0.599517174,93.80196554,1.382459338,2.793640405,grandgrowth,5.657367314,10.77946881,31.23683352,summer,1.855441391,112369769.2,-144421536.4,2.194506081,2.17464545
leaf_825,0.583656043,3.471371153,28.36237495,0.221986523,67.5344166,0.630001578,3.975948721,tillering,6.352303097,14.58417428,29.49987206,monsoon,12.82378926,378141523.5,406421727.1,2.612186809,2.609735872
leaf_826,0.927870055,3.865181534,23.38753368,0.431416727,88.38865982,2.150616805,5.166560289,germination,7.391688818,28.80560864,25.72800176,winter,10.43573781,10158264063,10914986453,3.759566849,3.757562915
leaf_827,0.411711395,3.463594848,38.66772484,0.233028863,66.90349332,0.751881282,3.902816313,drying,5.935458068,12.20854785,36.16421409,summer,12.88962077,426051319.2,457060368.2,2.039037983,2.043035376
leaf_828,0.412257882,1.004695316,39.28528396,0.261808332,67.47381173,2.306195014,4.146493119,grandgrowth,6.013483203,15.69089095,36.19140193,monsoon,2.939664194,137967173.7,-170193326.9,2.040859606,2.056547008
leaf_829,0.763751123,2.909204111,53.63634842,0.375825177,83.6632562,2.228461205,5.084544193,tillering,5.701777604,20.13561657,35.0608861,summer,1.430541167,1222450984,2648273110,3.212503744,3.212340625
leaf_830,0.506996147,1.153406144,28.84954786,0.404184053,74.17503845,1.429165529,4.645061225,germination,6.711140548,12.33610193,34.65450682,monsoon,14.08124357,678237628.4,373755077.3,2.356653823,2.356707266
leaf_831,0.302144341,1.772821661,35.23965095,0.303516963,92.60405425,1.988736409,3.637379684,maturity,6.859745748,15.75097813,28.65575698,monsoon,3.068196282,182293221.1,-137943378.2,1.673814469,1.659283536
leaf_832,0.507195565,1.178574101,52.33622956,0.326582852,63.11534072,1.738890148,5.581650845,tillering,6.785862416,37.33809367,25.33517401,summer,12.33513265,2477951516,3132495013,2.357318548,2.37691465
leaf_833,0.226771318,2.811386359,52.94494443,0.234786808,77.90339743,2.106151285,2.650268275,tillering,7.222260486,10.57897397,37.13073095,summer,12.52493919,612263643.3,1265858138,1.422571061,1.445742307
leaf_834,0.258748288,3.05976974,35.38444304,0.321287914,92.14825357,1.363610202,5.982065794,tillering,6.47285167,29.60295773,32.36707804,monsoon,10.92187281,2291410463,2602632861,1.52916096,1.542729189
leaf_835,0.548530995,1.343462914,38.36496093,0.586623376,91.64397812,2.071616968,2.475410314,maturity,5.768914082,21.53226793,29.60257196,winter,2.837670955,406655733.6,256901330.5,2.495103318,2.492053309
leaf_836,0.477032905,2.151516649,32.13143563,0.577882953,65.47852247,1.424913634,2.059799884,drying,6.078810261,30.17946218,26.5289786,monsoon,10.34358074,921864371,1582826105,2.256776349,2.261742721
leaf_837,0.923361311,2.368709527,57.30219514,0.333951316,72.8323195,2.381931576,5.560075605,grandgrowth,6.824859947,27.66075161,25.94082386,winter,13.44721217,13292778422,12197617173,3.744537703,3.723437666
leaf_838,0.426154509,2.107159065,24.74575063,0.428341575,81.669249,1.472744202,2.979814033,drying,6.726243947,16.70496263,30.23300083,winter,6.957443027,403133933.6,179047398.6,2.087181697,2.104492749
leaf_839,0.622529515,1.363075001,57.34997692,0.563838156,65.57882097,1.425238544,4.91879851,germination,6.562006259,35.41628463,37.07105597,winter,6.789235961,3689292675,4004119645,2.741765051,2.730001065
leaf_840,0.669037859,2.256843371,47.35465807,0.202473529,93.88077602,2.070143723,5.2440615,grandgrowth,6.865928837,24.75821148,38.78085624,summer,7.200016334,3501607484,3963778968,2.896792864,2.895525867
leaf_841,0.111785011,3.253534143,41.26288611,0.524273428,92.01622651,2.143155384,5.435945564,germination,6.774781701,34.67608057,38.45127047,monsoon,2.151806469,819707265.3,1836013516,1.03928337,1.045730399
leaf_842,0.697183635,1.213022994,21.30636243,0.579347821,65.84325627,1.608978229,5.966376943,maturity,7.262649779,22.18037609,38.80001252,monsoon,13.48835797,2781390857,3267648539,2.990612116,2.987969867
leaf_843,0.26023237,1.240540042,39.02384767,0.236530294,64.24044114,0.859595627,3.17615884,drying,6.672032755,39.54056662,38.61588015,winter,13.1685601,350565504.2,147151946.5,1.534107901,1.530002809
leaf_844,0.964963286,2.064313876,36.3099242,0.264579074,62.9892969,1.435516462,4.840973368,tillering,7.057202717,33.11468076,32.90837127,winter,14.97073051,4822225757,3150742888,3.883210952,3.867623329
leaf_845,0.233796455,3.825177135,26.44875248,0.584298521,91.83052824,2.436145006,2.461599433,grandgrowth,5.997414312,38.97850615,28.29123458,winter,9.192563981,2313581809,2788594081,1.445988183,1.457906915
leaf_846,0.473161711,3.00571794,46.25638414,0.415016057,66.77683334,2.005972386,3.627237165,tillering,6.856365169,25.42979437,36.97069874,monsoon,11.51668291,4923942617,4129175439,2.243872371,2.250182221
leaf_847,0.176814701,3.03600987,58.84603629,0.205678654,74.5699725,2.122325208,5.391886773,germination,7.304388237,24.21073397,28.20569462,winter,3.837406688,530616929.6,857090217.8,1.256049004,1.246791523
leaf_848,0.997186827,2.085759973,42.48755244,0.3030528,75.7097978,0.565650998,3.470632184,tillering,6.271464656,32.66361428,29.00810915,monsoon,10.34540346,1223489323,1589540083,3.990622756,3.968674087
leaf_849,0.551975509,2.780982374,48.59013106,0.37997747,80.96538655,1.435718925,4.364381522,tillering,7.058208375,36.40873789,28.49881483,monsoon,10.09625988,5315852402,4302944466,2.506585031,2.497819759
leaf_850,0.635846516,1.030393552,22.7380181,0.477163564,62.51073703,1.793242267,4.015093775,maturity,6.949578602,38.92437388,32.72473606,summer,13.6169223,1928278736,2263391547,2.786155052,2.788327067
leaf_851,0.16036883,2.908288139,36.70667983,0.493264151,67.93655161,2.160065367,4.583806124,maturity,5.619052394,19.73655718,29.82741262,winter,12.63109812,1186697033,1507912479,1.201229432,1.213476657
leaf_852,0.774964423,3.739860843,24.65433941,0.598168605,92.60216354,0.598547307,5.891577558,drying,6.663016619,33.96113722,27.31234074,winter,14.13853048,6098060488,7011532194,3.249881411,3.234176754
leaf_853,0.288915034,2.837720405,44.51183342,0.31500448,91.79435375,2.204877771,2.222942106,germination,5.760378698,16.31936793,31.79760118,winter,13.16366862,1017551198,1206027767,1.629716779,1.624416782
leaf_854,0.90824886,3.62109578,57.53928633,0.415288041,87.34517266,1.596801873,4.29584607,maturity,7.434638344,26.3672304,38.10860858,summer,13.16171453,23148739453,18178648970,3.694162868,3.703002965
leaf_855,0.284625676,3.171919166,46.4711093,0.413329419,60.6790436,0.894627941,5.452115117,maturity,7.122815005,15.39544445,33.55829282,winter,1.892126574,178684010.3,201414378.4,1.615418921,1.609710966
leaf_856,0.271618949,1.361675249,23.07212193,0.362258104,71.4452369,1.134510433,3.925530847,drying,5.719447602,20.42192085,38.17503409,monsoon,12.84346734,281644854.8,-62969645.13,1.572063162,1.586117846
leaf_857,0.132894701,3.707359922,34.1866482,0.267664758,81.97855574,1.063859104,2.314108744,grandgrowth,5.743503995,37.94075102,27.93808278,winter,9.504697523,263254635.3,253951267,1.109649004,1.104131916
leaf_858,0.524860251,1.199331533,42.02653518,0.590982625,69.63165741,1.561718069,4.24215741,drying,6.68894771,14.38272099,27.50460811,monsoon,6.326222325,603665220.6,585456765,2.416200835,2.385049958
leaf_859,0.60835702,2.601902418,36.12831025,0.541326875,91.83553433,0.60337136,3.328295563,tillering,6.189778348,28.97202685,33.63365689,monsoon,1.791204741,308402153.7,578905827.9,2.6945234,2.684879387
leaf_860,0.159137775,1.426411371,53.34576042,0.399333211,82.18613116,0.817072317,2.619767141,tillering,5.569811718,27.78862819,31.94993352,monsoon,10.48743285,220593097.5,348855761.8,1.197125918,1.192926895
leaf_861,0.797974855,1.035119832,52.58684019,0.441298169,62.51673511,2.125386087,5.396138053,maturity,6.583283016,13.62215058,34.90258962,monsoon,5.594824508,1203395930,1472300957,3.32658285,3.345852813
leaf_862,0.507959951,2.26610278,44.4732408,0.290904421,91.81519561,0.765207981,4.086398052,maturity,6.275690199,19.77937131,36.91940187,winter,7.54886771,739559900.7,373447786.3,2.359866504,2.361088553
leaf_863,0.571951242,1.885122123,34.93831781,0.417514828,93.52183304,0.966792539,5.73310565,drying,5.702152985,26.88944514,36.26960943,summer,10.54419812,2390318567,2436795180,2.573170808,2.598591058
leaf_864,0.496686472,2.458001481,30.21345495,0.477988053,62.71993464,1.406741211,5.224066018,drying,7.103840785,15.61535827,39.1339176,summer,13.76484366,2428008229,2449881943,2.322288241,2.332722904
leaf_865,0.460686755,2.73159966,24.23497273,0.406066811,78.63260822,1.534241776,4.771887175,germination,7.330153531,34.01870969,30.97384614,monsoon,12.55611682,3457011749,3914511561,2.202289183,2.186402358
leaf_866,0.603676298,1.131217217,34.19590734,0.596114068,70.61774988,2.027220959,2.020102013,tillering,7.013187868,39.16469529,28.09580113,winter,7.308359807,1135228978,1596984716,2.678920994,2.671967109
leaf_867,0.239716221,1.369009885,36.52690069,0.444536662,73.74936768,1.394664853,3.711293827,drying,7.14484462,16.442782,33.2636896,summer,6.428964204,255521490,76451097.48,1.465720738,1.441588625
leaf_868,0.263735317,2.675927189,47.032917,0.348389485,66.28779263,2.079729242,2.789945127,grandgrowth,5.932981135,15.60735894,26.6611468,winter,4.356916344,239208160.8,22889592.67,1.545784391,1.539189444
leaf_869,0.875607059,2.02950206,46.32639297,0.508860811,80.23252357,1.736692614,5.643191644,germination,6.027145902,23.64805215,29.33276685,summer,6.213974516,4278820164,3780996314,3.585356863,3.581323814
leaf_870,0.951503916,3.187520463,22.80432559,0.268185005,93.52927736,0.726199479,2.698335939,drying,5.917055081,32.43295831,28.11832083,monsoon,2.554649422,234313702.6,-41594759.41,3.838346386,3.846346556
leaf_871,0.435978385,2.956874946,35.81037262,0.353806325,77.60754101,0.812662877,3.144240207,maturity,7.030126863,18.44801831,30.94845575,monsoon,14.59547712,948729876.5,661497262,2.119927949,2.122626138
leaf_872,0.343670206,3.536813089,27.27115469,0.33878358,62.90201035,1.374067451,4.067347071,drying,7.395834158,10.59639726,26.66824863,monsoon,9.034844215,372729912,538623165.7,1.812234019,1.829751079
leaf_873,0.679599589,3.07747848,26.27250821,0.372722838,81.70004667,1.293778786,3.053454476,maturity,6.933674413,26.23661884,25.47762617,summer,2.789281799,427269725.5,696264307.1,2.93199863,2.954265904
leaf_874,0.467860754,2.289793232,53.09208599,0.51271193,71.90780481,1.987088539,2.839458709,maturity,7.26293353,38.69801703,34.85191007,winter,5.93928413,3441726654,3004757630,2.226202513,2.221181027
leaf_875,0.12284772,3.018899867,21.67660867,0.393669213,89.95738164,1.66147428,4.3963973,tillering,6.77739819,21.73830566,34.15373467,monsoon,8.658548011,453010143.9,938912682.8,1.076159067,1.073074852
leaf_876,0.240537338,1.826143523,36.76731504,0.51760578,75.21373519,1.276266162,2.355718091,tillering,6.275319801,22.60403663,35.62538404,winter,8.460398913,404094030.3,259556448.1,1.468457792,1.489370113
leaf_877,0.744375006,1.918940496,26.72814623,0.430595561,66.74938631,0.841520567,2.232671035,drying,6.35152323,39.06705151,34.9057966,winter,1.497047162,133665705.2,73677377.98,3.147916687,3.142209296
leaf_878,0.693031548,3.36695548,55.17320863,0.336827774,66.68869679,0.953674205,3.488981181,drying,5.650642864,30.83822835,26.71442022,monsoon,14.31177448,3205338718,4056301268,2.976771826,2.974218829
leaf_879,0.124386393,2.339258549,42.28162053,0.523991497,86.90674633,1.651002037,4.882657818,grandgrowth,5.56291439,31.57515769,29.36618322,summer,4.855259541,565538554.3,804038961.4,1.081287978,1.083637463
leaf_880,0.299774946,3.395141022,29.25522546,0.295315868,69.29556594,1.34687761,4.219227033,germination,6.890951208,26.88106016,26.94289915,monsoon,1.226585365,105985763.9,-122670629,1.665916486,1.618947534
leaf_881,0.307967317,3.467267121,40.09709149,0.289753192,86.8531688,1.529855018,3.691505874,germination,6.376857784,39.23827633,37.64458603,monsoon,2.070216125,593304179.9,639659469.5,1.69322439,1.694982674
leaf_882,0.704703469,3.572687013,49.25945439,0.40180117,67.20605588,0.841354871,4.263006257,drying,6.604430136,30.66599453,36.20355483,summer,9.122728645,4017391425,4167444799,3.015678231,3.010135273
leaf_883,0.117739484,3.749905708,58.32472036,0.304339698,71.2590229,1.825812505,3.461805939,tillering,6.615322495,36.85098255,28.02290504,winter,2.928997289,353146354.4,583998376.9,1.059131613,1.056058876
leaf_884,0.193697724,2.292955662,28.81784017,0.203634814,76.29204404,2.205077482,5.744585342,grandgrowth,6.054751627,30.98136597,30.11963861,summer,1.5841471,112721713.9,505610785.8,1.312325746,1.309076606
leaf_885,0.819924477,1.956600455,55.44727089,0.459319011,93.01185474,1.015879014,2.219619564,germination,6.451785022,32.05347475,39.49922488,summer,6.31477053,2210042319,2239019879,3.399748256,3.402126894
leaf_886,0.260690196,2.74659624,57.37216457,0.404437529,92.61059987,1.483028452,4.693565916,drying,6.441520443,18.71232766,33.91239037,monsoon,9.718656693,2127336325,2755848082,1.535633986,1.550731018
leaf_887,0.687471497,2.11351727,56.65682178,0.378207126,67.24051564,2.451054658,5.565130659,tillering,6.276854442,19.10436094,37.01733396,summer,2.565757268,1626174294,1825015823,2.958238324,2.942792467
leaf_888,0.314364503,2.8032225,45.41657427,0.586787406,72.53766644,1.166483481,5.215538835,tillering,7.141350767,33.48953949,28.96886552,summer,5.38658965,1933893305,1740214868,1.714548343,1.698302194
leaf_889,0.189497253,3.116757588,45.19282618,0.428479674,65.2289786,1.69009269,2.736164139,tillering,6.402328007,18.90118868,28.1507938,summer,6.848649403,402431104.9,122295567.7,1.298324178,1.27785729
leaf_890,0.318854972,3.065215055,36.12842533,0.545372631,77.84947778,0.6803914,3.183705396,maturity,6.707289049,26.88310212,36.75875393,winter,3.232441369,347881837.2,198881018.2,1.729516573,1.727053348
leaf_891,0.750040239,2.123658661,50.09591529,0.255780094,76.12038927,1.712030005,4.868191755,tillering,7.291040241,17.48056933,35.28808683,winter,8.085034579,2354200526,1986385327,3.166800796,3.173429885
leaf_892,0.870126821,1.500580605,41.25176073,0.427682585,91.52660569,0.679263547,2.337082237,drying,7.232467246,34.50950142,35.21466894,monsoon,2.192997217,322568872.3,312050202.8,3.567089404,3.532172842
leaf_893,0.847197878,2.291588015,47.09752285,0.547191851,92.55018822,2.418470871,5.247446799,grandgrowth,7.280844408,13.31504054,33.28951873,monsoon,1.651258949,1565821485,2417042832,3.490659594,3.496705101
leaf_894,0.457465177,1.427782432,37.13831615,0.433242303,73.42485869,1.931325304,4.875627778,drying,6.040009993,34.88339919,33.45367514,winter,8.27769514,2119736870,2002870412,2.191550589,2.177951346
leaf_895,0.701276623,3.670291106,49.25985856,0.487205671,77.21082801,2.076319576,4.918426597,tillering,5.569964977,28.08189402,36.03546258,summer,4.470557619,6136696346,6134525928,3.00425541,3.002607112
leaf_896,0.284485866,2.037632382,52.9788607,0.348817427,91.36826872,1.908208722,2.400965481,grandgrowth,6.0221336,15.60728604,29.05003722,monsoon,2.335233311,142961552.6,-105995620.3,1.614952886,1.610519138
leaf_897,0.363832957,1.463379242,25.85745026,0.236979807,88.23477327,1.679458072,4.871042179,germination,6.057414691,26.26106157,30.29152699,monsoon,6.934776225,393468530.1,156847838.6,1.879443191,1.874353981
leaf_898,0.906702237,1.07634328,53.31718862,0.383160118,60.1279709,1.399825562,4.719272501,germination,7.318720653,18.47496511,38.07455156,summer,13.81197035,2815579472,3200900990,3.689007456,3.67606111
leaf_899,0.111701731,2.937467159,41.61186127,0.357791756,71.20208475,2.21674676,5.323689963,drying,6.798485466,19.70402004,29.63297802,summer,11.13869425,907503990.4,1811232303,1.039005771,1.045131865
leaf_900,0.176957678,2.910706952,53.78663636,0.546824073,74.76209847,2.413671335,2.166383825,grandgrowth,5.663407919,20.54584125,33.19464357,summer,12.41862281,1420359065,2760114535,1.256525593,1.317433273
leaf_901,0.28709763,2.0218125,37.25206825,0.297598121,68.04006993,1.498072346,2.092442674,drying,5.770757192,11.89957741,35.53959196,summer,13.20679584,221180284.2,-38815215.95,1.623658765,1.619415803
leaf_902,0.123878983,1.215135667,35.16161942,0.586693691,66.98500656,2.363070098,3.4920284,grandgrowth,5.811352251,39.57885053,39.9988724,summer,14.61678838,1154103490,1759861275,1.079596612,1.101670708
leaf_903,0.263291892,2.228886685,56.6024293,0.583255248,61.32245773,1.66666582,2.595153135,grandgrowth,6.760843496,10.94603884,31.52936997,winter,11.68545203,700549703.3,1175711384,1.544306305,1.549419387
leaf_904,0.624737405,1.933652485,30.0467707,0.299052657,82.51794038,1.576768374,4.23353791,drying,6.970828051,29.8749062,31.42139315,summer,9.517710907,1861915671,1643652402,2.749124683,2.732532354
leaf_905,0.479282096,3.031361919,53.76849301,0.339220782,69.18786017,1.408965466,5.669395606,grandgrowth,7.219287821,21.13682943,37.63882569,monsoon,6.115962324,2572239438,1718630091,2.264273652,2.252594623
leaf_906,0.90340454,2.817337748,39.3608229,0.558222296,61.83215125,0.918575523,3.565918921,tillering,7.381273102,29.38030873,37.08254667,winter,3.543005312,1613586345,1794602416,3.678015133,3.670531765
leaf_907,0.835699206,2.093781185,40.5638177,0.586648888,68.08427587,0.507439322,5.379801509,grandgrowth,5.903409115,20.68744759,35.96613823,monsoon,10.61323824,1803919147,2646961862,3.452330685,3.474719335
leaf_908,0.407635617,1.653677663,32.33873126,0.377375641,88.06698835,0.983012454,2.000963498,grandgrowth,6.119544969,30.21251939,31.94844456,summer,14.92929981,628342434.9,291548909.8,2.025452055,2.020381027
leaf_909,0.33348109,3.964107898,42.92168802,0.328398818,89.80212136,1.519446343,2.674058574,drying,5.980645761,31.87706528,29.8590868,monsoon,7.543021585,1459675190,1351497684,1.7782703,1.795957876
leaf_910,0.441723167,2.362004864,33.00844785,0.410437605,76.90731858,1.259919905,2.121694159,germination,6.217523135,30.71657921,34.13095724,summer,11.13151115,1054288472,1500944111,2.139077225,2.141596279
leaf_911,0.631265448,3.064822707,21.57077657,0.475107683,74.56247346,1.396970456,3.312588722,maturity,7.329330215,13.41885944,38.1433494,monsoon,7.9312943,1017801401,1025479656,2.770884828,2.78036043
leaf_912,0.341257277,1.421658903,30.87994421,0.309389806,94.22487927,2.461296439,5.632758383,grandgrowth,6.650225134,29.70679704,38.25666187,monsoon,7.047067927,1612457158,1803003214,1.804190922,1.820761615
leaf_913,0.661734017,2.456769099,20.25516174,0.49458927,67.01976309,1.200544741,2.387808494,maturity,6.976383795,18.39962648,26.62747518,summer,6.74427859,360648228.8,164358499.5,2.872446724,2.880432695
leaf_914,0.468470487,1.08261016,59.13419148,0.220662943,67.5375749,1.404365879,4.425639107,grandgrowth,6.480238472,10.86404112,31.42525426,monsoon,8.064745561,247825501.8,-22095070.43,2.228234957,2.219923227
leaf_915,0.596842463,2.516365354,58.62988839,0.219717797,70.2153512,0.767031103,3.805983756,drying,5.557715827,22.44492016,31.97082934,winter,6.136539266,485279022.1,275191018,2.656141543,2.644428389
leaf_916,0.492513876,3.892052221,35.8062119,0.354515082,66.04650614,0.595915465,5.753872849,drying,5.628390972,23.00629308,39.66423051,monsoon,11.48282651,1624926550,1764089254,2.308379587,2.323473283
leaf_917,0.365019184,2.152620139,49.13483417,0.341389277,73.27779594,2.050819029,2.49007657,grandgrowth,6.575846063,24.015224,35.16997023,winter,13.23980837,1813413654,1666489459,1.883397279,1.881873814
leaf_918,0.953607976,1.116988038,33.83224394,0.326253286,91.87919794,1.64136635,2.848111402,drying,6.93757807,31.14472496,31.10869626,winter,13.36039429,2267499825,2908827062,3.845359921,3.849518751
leaf_919,0.787245215,1.092867373,46.84372628,0.396407905,81.53717442,2.021409612,2.118167874,drying,5.930661055,19.26531427,25.39086829,monsoon,4.187781988,338807032.1,381076638.8,3.290817382,3.271255492
leaf_920,0.226101858,2.16396028,52.21720172,0.328293433,74.4181292,0.799725598,3.735740999,grandgrowth,6.943819148,19.45841539,33.4807774,winter,13.54272794,571219827.5,705597922.3,1.420339527,1.42561632
leaf_921,0.881621178,1.480074809,57.87024979,0.276903167,92.70437781,1.643657542,3.111331598,germination,7.121331547,11.81656769,26.44113963,winter,5.781717246,637626586.6,666387539.4,3.605403928,3.609033076
leaf_922,0.538688078,1.070056289,36.00849103,0.32378782,61.69624814,1.007284949,5.479623736,grandgrowth,6.323794957,30.60463648,37.51674936,monsoon,5.330307317,442877600.4,371496702.9,2.462293595,2.416122303
leaf_923,0.905097004,3.268640842,51.33191932,0.589961709,67.35966623,0.956123634,4.419763253,germination,6.992838466,27.03478274,36.28777991,summer,11.1745848,9775181366,8422655000,3.683656681,3.68965534
leaf_924,0.81986973,2.375569027,30.63713803,0.364445367,79.80610118,0.523052028,4.456362952,drying,6.308059901,20.48275338,31.9076374,summer,5.265748761,439100169.2,310443826.2,3.399565768,3.409667291
leaf_925,0.482692154,1.867734316,59.61329215,0.377885111,81.54434181,0.760681447,4.127642788,germination,6.856701259,31.15566937,31.43816169,winter,1.741529679,304086631.6,415690546.8,2.275640513,2.26869347
leaf_926,0.120222377,3.700249549,21.03078395,0.430617996,61.38451273,1.118536223,2.367401349,drying,7.027994099,26.12073248,38.46008448,winter,6.230648812,144037299.8,7111742.903,1.067407925,1.066077513
leaf_927,0.341809623,1.348416881,44.14115226,0.593336307,74.10635653,0.733757521,3.780074735,germination,7.483853237,24.07734838,29.32687526,summer,11.10051841,727736984.2,677253622.6,1.806032078,1.800147798
leaf_928,0.587470793,3.867756487,46.38023927,0.296640511,82.72038877,2.471716881,5.998020759,germination,6.190793324,25.33973631,28.73529943,winter,5.577417884,4819427106,5346967525,2.624902644,2.621114612
leaf_929,0.670130398,1.941900152,47.52182228,0.472512844,84.43246912,1.117265297,5.340917163,grandgrowth,6.322081561,29.09044376,39.08796149,summer,9.813826784,5193216341,4059982786,2.900434659,2.896674395
leaf_930,0.332098917,3.665211017,24.81550315,0.486393877,82.33489659,0.760647893,5.573836217,germination,5.831240119,29.80007814,37.13868755,monsoon,10.24167222,1694904366,2002007555,1.773663056,1.738647877
leaf_931,0.225420467,2.808828629,57.54119134,0.442929767,71.21971285,0.898164626,5.292905437,drying,5.908146117,18.66873457,37.3093839,winter,11.27230416,1267212632,2672498639,1.418068222,1.410355771
leaf_932,0.851437213,3.480122079,27.24733116,0.235431336,63.27320433,1.675406457,2.412166774,grandgrowth,6.886790005,14.2223009,27.92790721,monsoon,13.55982653,901429823.2,1360242895,3.50479071,3.508547066
leaf_933,0.985961963,3.95203949,44.91013613,0.47074891,74.94893562,0.628087048,2.909793016,germination,7.33409118,14.69902544,27.14943987,summer,7.05590299,1165147376,1411954261,3.953206542,3.933565457
leaf_934,0.573121164,1.865216313,28.90704316,0.225637884,64.50640531,2.22486826,2.012486605,grandgrowth,6.289209903,29.18172658,25.39044325,summer,3.330049073,156253399.8,41252232.17,2.577070547,2.580657302
leaf_935,0.254511357,3.883406456,32.28865668,0.43845706,93.16682805,2.422999358,3.2140405,maturity,5.859688894,36.18619857,28.55562263,monsoon,5.464960016,1679690097,1682463603,1.515037858,1.52420967
leaf_936,0.345076594,2.168445685,41.85834167,0.495832471,76.63098031,0.993494841,2.434429609,grandgrowth,6.070198999,22.28488835,36.61285738,winter,7.050341572,502545548.9,387581242.6,1.81692198,1.822304896
leaf_937,0.116551609,2.156535714,36.68773674,0.284387956,71.1040711,1.400190537,3.891173381,maturity,6.41010341,15.08560481,28.60057628,monsoon,10.99448057,154460168.2,-37226145.49,1.05517203,1.055612033
leaf_938,0.922868926,2.021161313,26.40902404,0.536648803,86.82064249,0.544268902,4.708509954,maturity,6.081300659,32.69807495,35.93654925,monsoon,1.183709758,248756129.3,523841190.3,3.74289642,3.726204144
leaf_939,0.205975975,2.624222822,26.8374561,0.212141522,77.42820074,1.781420449,5.49802118,grandgrowth,5.967158166,34.97468423,28.77862398,winter,5.420995368,379923999.6,430970045,1.353253249,1.35857685
leaf_940,0.618864828,1.46243513,36.72579153,0.537525145,70.85119084,1.327852116,4.99686866,drying,6.971968978,36.41747329,30.92938747,summer,11.91779613,3930426620,3563825040,2.729549427,2.698923995
leaf_941,0.346649699,2.661134456,50.29131913,0.38413162,88.41887098,1.040116932,5.754342383,drying,5.515689842,28.20494287,39.74743435,monsoon,10.39200785,3030101617,3468537874,1.822165662,1.85181857
leaf_942,0.598760202,2.625114437,55.91858587,0.287035176,90.35032529,0.913674221,2.215593162,drying,6.578461055,35.82185678,28.67217597,monsoon,11.24435963,1752836321,2325075561,2.662534008,2.681765451
leaf_943,0.68627835,3.285705438,23.36510649,0.253511258,83.55528582,1.808046155,2.048719342,tillering,7.087533614,10.46244875,30.64555941,summer,12.36535077,580807643.6,1091287450,2.954261165,2.942456542
leaf_944,0.846767623,3.500949886,35.7241563,0.581322867,61.64375478,1.332434062,4.645352455,maturity,6.032456573,13.21707405,29.51630771,monsoon,11.96530006,3307258660,3783352762,3.489225411,3.50753303
leaf_945,0.285779145,2.321324051,24.00982255,0.229066235,79.82130081,0.859318578,3.157409641,grandgrowth,6.706583021,12.77728201,26.64437479,summer,10.55056433,95172456.15,-348963909.9,1.619263815,1.61022589
leaf_946,0.109896246,1.906999748,20.66369923,0.279637368,86.71532192,1.878218163,3.014004064,drying,6.837800211,31.37814053,32.34841213,winter,7.155261453,147609588.8,35504628.34,1.032987486,1.040700579
leaf_947,0.223197067,1.778004692,46.46874731,0.339128939,64.77760542,1.630144566,3.323548351,drying,6.810049393,12.08745351,30.68035995,summer,14.7703766,409361802.3,164777446.8,1.41065689,1.39870182
leaf_948,0.910016778,1.58387151,44.09797768,0.44809394,68.0034763,2.21734411,3.079184232,grandgrowth,6.391699268,24.89093117,35.42330629,summer,8.967024738,3341349604,3683770849,3.700055926,3.71634809
leaf_949,0.88650107,1.172942747,26.52076455,0.417920434,90.88732868,0.734951798,4.045745625,maturity,6.193155976,24.18120696,37.2639182,monsoon,3.838768931,333608400.9,224021424.2,3.621670233,3.637937486
leaf_950,0.637671792,2.027343937,29.35251332,0.250257397,60.70426026,2.071333204,3.760593789,grandgrowth,7.171848146,19.32110571,33.16374572,summer,5.099379971,526134081,395237199.4,2.792239307,2.822990558
leaf_951,0.640465174,1.810743076,20.94831015,0.315891193,86.34544982,1.847033574,4.049714206,tillering,7.016891914,36.1121551,25.48294633,summer,10.70987438,1713877207,1840934430,2.801550581,2.833759498
leaf_952,0.698533007,3.899252158,53.39788823,0.295500708,76.58206524,0.730021874,4.690854446,tillering,6.142510347,15.11299606,34.28383534,monsoon,13.94635391,2501395239,3335073925,2.995110024,2.992219835
leaf_953,0.257834151,2.673126479,58.98762384,0.285417142,75.63702556,1.88964146,3.548522036,grandgrowth,5.706038389,20.57388353,25.83086095,summer,3.502081809,312498832.6,-100044022.9,1.526113836,1.525661808
leaf_954,0.922970751,2.041831117,25.41838147,0.364457735,60.24837864,1.383094578,3.005230749,maturity,5.643615091,33.225145,34.24534485,monsoon,2.15285094,302195273.9,370751252,3.743235838,3.72719062
leaf_955,0.476893472,2.741402803,29.25900855,0.481612581,88.67893808,2.389969571,2.664802147,drying,5.688551956,10.91266943,35.27544924,winter,13.34143467,1519873018,1698279827,2.256311575,2.244556597
leaf_956,0.444824675,1.417590104,54.73638096,0.286981173,72.59387152,0.783222701,3.397896478,tillering,6.665738722,30.18851201,27.96651441,summer,13.8138917,743838725,534164153.6,2.149415585,2.128372315
leaf_957,0.567025935,2.332131248,57.05855192,0.346671552,78.9267971,1.785666782,4.967225901,tillering,5.603324352,34.49193179,37.29019223,winter,4.869310834,3213135778,3066953310,2.556753116,2.604720672
leaf_958,0.14226937,2.878702964,36.78509531,0.356366971,83.70552402,1.263960091,5.02681964,maturity,6.17385375,37.96803517,38.66627697,summer,6.282000141,812892549.8,742769295.7,1.1408979,1.133261398
leaf_959,0.249655032,2.466693495,22.02489889,0.590582612,84.59203518,2.413629341,4.667621547,tillering,7.006399404,36.28889921,37.19630446,summer,10.24263196,3697394833,4201403216,1.498850106,1.51869177
leaf_960,0.764230255,2.205336402,21.57567335,0.581866543,93.45930206,1.159949791,2.936112701,tillering,6.088696333,19.58152351,29.57663785,winter,5.619020292,667223700.8,585028031.2,3.214100849,3.222679398
leaf_961,0.174518801,3.981545167,42.95799464,0.520055033,78.59689836,2.424371819,4.352344983,maturity,7.026616154,27.59092424,33.79964519,winter,13.28022192,5601638449,5811430497,1.248396004,1.275048095
leaf_962,0.642836899,3.640944286,35.71580436,0.296663568,73.99018428,2.302971702,4.282758646,grandgrowth,6.990934076,12.31880479,38.72222724,monsoon,2.506101838,756238218.8,727262394.2,2.809456328,2.835456294
leaf_963,0.320814199,2.870217874,21.1460971,0.227214926,93.37962693,1.040766471,3.937064792,drying,5.991654265,17.73610011,29.80997089,monsoon,1.531751093,41071271.29,-267417817.6,1.736047329,1.733215405
leaf_964,0.450366053,2.708132084,43.33009569,0.326761655,82.47385823,2.107083554,4.199915946,drying,6.95764436,12.82667136,37.30041733,winter,3.918806894,822069707.4,846651581.2,2.167886842,2.152991463
leaf_965,0.359824363,2.861981439,20.45210146,0.30671782,70.43526247,2.491208404,3.96716253,tillering,6.995553277,19.4556187,25.14212697,summer,5.005228895,385103613.5,1264841291,1.86608121,1.890248606
leaf_966,0.420105445,1.603936323,51.49487833,0.40237032,64.42624859,1.005326004,4.261825464,drying,6.294907851,36.2556164,25.05470054,monsoon,2.580972278,284385899.3,124995620.5,2.067018149,2.092646715
leaf_967,0.747141315,2.18541323,32.25731291,0.511091164,89.48940755,1.373554339,4.862023818,grandgrowth,5.920840967,20.41500519,36.39567491,summer,1.919666011,679322169.2,937638867.9,3.157137716,3.175705149
leaf_968,0.367409544,1.118378599,21.61032012,0.543329176,72.6763561,1.540361473,2.438512778,tillering,6.542541614,26.85694309,36.42171373,monsoon,11.57850799,487966927.9,751447229.6,1.891365147,1.94961809
leaf_969,0.609764176,2.426638112,43.53408884,0.537945634,83.11644025,1.089862272,4.998503009,drying,7.342795176,23.00142544,36.83465782,monsoon,3.299871923,1610546138,2050231508,2.699213921,2.681623761
leaf_970,0.528445362,2.629073752,35.90737658,0.343870224,76.47857468,0.530529679,2.543544601,germination,6.779233465,23.76749573,38.95040257,monsoon,13.79491079,766363481.8,792451467.1,2.428151207,2.410870254
leaf_971,0.697304049,1.683249208,58.95201653,0.474893737,66.96254229,0.940258488,2.266511994,germination,5.845844995,39.08716156,26.76859468,winter,6.15199526,882258658.8,1118788379,2.991013496,2.988198586
leaf_972,0.943146765,3.892086541,41.7679465,0.325133679,81.0590313,1.063873769,5.904318745,germination,6.865513849,18.88463405,28.47977477,summer,10.38848134,4868199808,5181990251,3.810489218,3.815080846
leaf_973,0.759314887,3.728363833,31.00956724,0.224362217,62.12390741,1.387199403,5.827967075,germination,6.354406055,28.81973409,38.55587381,winter,4.155629607,1451318381,2157243963,3.197716292,3.185552146
leaf_974,0.293446341,3.166429706,48.37755459,0.480626106,74.4669861,0.842204957,2.24174618,germination,6.683057595,22.60188009,27.65854297,monsoon,4.364518759,276932077.4,-65923615.77,1.644821136,1.627683612
leaf_975,0.128064822,2.600159886,30.8596801,0.203931021,79.13152289,2.246508713,3.773013766,tillering,6.96812807,11.83438543,35.23343901,winter,9.04592884,184710114.4,293814281.3,1.093549405,1.084326064
leaf_976,0.33603764,3.609907479,56.16973166,0.363673035,75.26164409,1.909822265,2.744979753,maturity,6.529894703,24.67992495,32.956945,winter,8.849000952,2297547253,2361861674,1.786792133,1.779772701
leaf_977,0.635570138,1.391957031,34.98887882,0.331751708,86.20352613,0.670400955,3.941379589,maturity,7.127967949,34.40029987,26.24790515,winter,11.76220919,885364170.4,1284407756,2.785233792,2.798955045
leaf_978,0.146283232,3.371529383,41.99474251,0.477351015,88.97737341,1.800184902,5.320708972,tillering,6.944311159,12.96258906,29.27895493,summer,11.60938628,1289069206,1822395872,1.15427744,1.148857514
leaf_979,0.546729622,1.374462442,22.02292415,0.506498189,86.99350759,1.807312953,5.802447099,tillering,6.73014668,12.08775542,32.80558325,winter,10.38962871,1060175451,1236123720,2.489098742,2.499795036
leaf_980,0.637158564,3.382631988,37.04484952,0.321637854,61.35845317,2.412442347,4.537010614,grandgrowth,5.801585632,14.60894561,37.78525175,winter,7.287827923,2012585883,2226707981,2.790528547,2.815079597
leaf_981,0.400819502,1.827302705,53.29454159,0.524650806,66.79450697,0.506041743,3.415622669,maturity,7.171898222,32.93200334,35.61307734,winter,13.46896541,1339292411,1415378917,2.002731672,1.983172335
leaf_982,0.793820983,3.631271743,52.22595221,0.317566704,78.78126282,0.9958649,4.413302263,germination,7.371811171,31.71986152,34.32824742,winter,9.716098863,6455185637,6350214025,3.312736611,3.310654427
leaf_983,0.195938428,3.832126281,28.97274235,0.378530544,92.71877142,2.355582959,3.248005224,tillering,5.773930248,26.95053307,32.44049335,winter,14.86277887,2191437652,2134660039,1.319794759,1.34064725
leaf_984,0.167624004,1.446387908,29.04316284,0.490807411,89.22348713,2.364267831,5.639294563,germination,6.476482259,24.04679212,29.48025976,winter,12.47117745,1177014349,1173470784,1.225413345,1.218463401
leaf_985,0.755369881,2.388026815,52.69221249,0.477168092,89.48870779,1.941172839,5.481601852,maturity,6.017777484,36.64977444,26.78867367,winter,1.620337357,2067239123,3781081694,3.184566269,3.18801462
leaf_986,0.545942185,3.942962134,57.21593681,0.594947389,70.61228678,2.031526642,4.232927001,drying,7.009046615,33.00093472,31.13614052,monsoon,5.488314699,8793613858,6662603254,2.486473949,2.520581362
leaf_987,0.719562157,2.450222308,23.81443685,0.29006441,75.0306764,0.682965916,3.299195662,drying,6.943259272,34.35826754,25.42777741,winter,9.006260031,562434635.1,1147536839,3.065207189,3.034141427
leaf_988,0.491344605,3.590642568,38.00234558,0.464927165,76.47470816,1.52775167,3.173558702,tillering,5.781770241,34.39786904,28.16583834,winter,11.10057353,3593364693,3085049808,2.304482016,2.320184431
leaf_989,0.32176183,2.766194566,33.49817116,0.443872763,65.50800542,0.963165983,2.133671979,grandgrowth,7.254054543,29.28151464,31.48725064,summer,8.704710969,518625017,633647272.4,1.7392061,1.736306855
leaf_990,0.837192086,2.125989724,54.82753822,0.566039382,61.08738456,0.862436087,5.263283404,germination,5.861946128,23.74043873,31.27907779,monsoon,12.00582591,4002334905,4966202188,3.457306953,3.499303039
leaf_991,0.819474291,1.857350667,23.34099659,0.262544857,93.14160148,2.120606598,3.801532852,tillering,7.094518051,35.94033258,25.66443146,winter,4.957179139,1135941488,1295117636,3.398247637,3.398045911
leaf_992,0.725226824,1.609669273,28.4450377,0.500719265,68.4249405,0.770076273,3.300531714,grandgrowth,6.413960719,37.78022253,33.8359023,summer,3.574768717,423769730.3,184217222,3.084089413,3.039619751
leaf_993,0.344930624,3.285394574,50.0987335,0.427307447,68.39821163,1.437303274,3.88444142,germination,6.156544587,10.7141813,33.24526384,winter,1.754833573,178254284.8,69060591.22,1.816435412,1.821560004
leaf_994,0.6312076,2.15962152,22.05175396,0.309866348,62.91826688,2.377156479,5.274951962,maturity,5.816478525,11.5466462,26.17156456,winter,9.026392424,582975545.2,1330665239,2.770692001,2.786451199
leaf_995,0.424876507,2.533826387,39.70141523,0.389773966,92.49777132,0.871664111,2.498456831,drying,5.835228512,38.76229891,39.14744579,winter,10.64039329,1580917414,1500223997,2.082921691,2.101199564
leaf_996,0.182423866,2.47697644,37.68428139,0.333510639,80.29079902,2.455986847,5.430623953,grandgrowth,6.823781109,18.31481842,26.49074168,winter,5.56609604,560347618.8,787376804.5,1.27474622,1.267532675
leaf_997,0.925582218,2.731837088,33.37604716,0.431725361,83.34629,2.488575972,5.59003534,germination,6.600860776,36.20108319,37.82251227,winter,9.590178588,18307675267,17599296513,3.751940726,3.751196024
leaf_998,0.223136768,3.596731437,35.78289261,0.555600244,91.90519105,1.611234309,5.78683166,tillering,5.744170843,21.66385357,25.00464598,summer,1.730201232,368050155.2,1091537392,1.410455893,1.404094666
leaf_999,0.955213618,3.942218031,41.19762348,0.427721994,72.09670591,0.84028548,3.58995197,germination,5.725395721,13.57300173,38.23421643,winter,2.390106848,512420788.1,730898671.3,3.850712061,3.852512565
leaf_1000,0.501405196,2.222752626,26.45469434,0.452688967,81.75275589,1.132209776,2.868561616,tillering,5.64462115,12.41329601,25.29579598,summer,10.82456681,339959275.4,193456595,2.338017319,2.353161536
leaf_1001,0.266619636,3.482556766,42.87983513,0.407499139,61.35798092,1.348985665,3.494563274,drying,6.987534695,14.69523697,36.36718048,winter,6.152975873,539146586.7,688213736.2,1.555398787,1.539497423
leaf_1002,0.587710853,3.293583384,52.21729317,0.220466203,66.53703849,1.118648449,3.331648385,drying,6.92376417,17.49679585,30.42536217,summer,10.39867644,1058984540,1314441981,2.625702842,2.610563499
leaf_1003,0.885651252,2.720586854,50.40643719,0.293143423,89.09360318,1.06127116,2.70461565,germination,5.616861982,24.65555062,36.073252,monsoon,12.64409568,2875553598,3694406231,3.618837508,3.62346757
leaf_1004,0.759002398,3.868141431,26.15599619,0.396800692,86.83689247,2.444459418,4.42906668,germination,6.620540151,31.04493702,31.02617808,winter,12.93671412,11816666425,11851130073,3.196674659,3.193895974
leaf_1005,0.825905033,1.601423547,25.96997879,0.324094113,72.2724942,0.806729655,3.906496642,tillering,5.66935231,39.59195729,26.06361883,monsoon,3.410347037,252936377.3,102078902.5,3.419683444,3.399756051
leaf_1006,0.69290503,1.327792631,30.72697471,0.272705439,73.18837197,1.966655817,5.462803969,tillering,7.307491541,23.2452023,36.51260043,monsoon,7.807998013,1467769131,1529175490,2.9763501,2.982177893
leaf_1007,0.723048908,3.561885901,34.44298905,0.401653137,78.67440517,0.500820579,2.128438322,grandgrowth,7.314234838,25.54554827,26.06879028,monsoon,11.27497413,820478005.1,2119577123,3.076829694,3.041346462
leaf_1008,0.864276086,2.31744945,36.33822326,0.329123917,60.00843516,1.692365339,4.57547171,grandgrowth,6.89646598,25.65447104,38.83180654,winter,11.83572835,4525540421,4581722376,3.547586955,3.539448468
leaf_1009,0.324701208,3.540906563,47.18788867,0.303243057,68.44355176,2.331886008,5.051795514,grandgrowth,7.352377843,26.18303066,25.76461054,monsoon,11.98546373,3942771075,3816114649,1.749004027,1.749881241
leaf_1010,0.540482467,3.679270616,22.26721729,0.385594167,67.2881133,1.075868188,5.037946277,germination,7.122906061,25.53221971,32.18987917,summer,4.194342681,764521573.3,729894203.8,2.468274891,2.424307852
leaf_1011,0.299088498,1.187372781,21.38690817,0.253313703,68.76690314,0.871051951,5.544295868,grandgrowth,7.157077152,10.26324265,35.84551646,winter,3.695487448,31085673.77,-152269214.7,1.663628325,1.637176516
leaf_1012,0.988901207,3.650394289,35.67642252,0.571098293,88.20670449,1.80335959,4.916134971,germination,6.639415701,10.05174466,30.89869697,monsoon,9.260174556,5491528278,6148346914,3.963004024,3.967891595
leaf_1013,0.949653406,2.344957166,47.88654769,0.547080839,69.78858498,1.925202815,5.711240247,drying,6.112118396,12.92998954,28.25850212,winter,11.37520117,5686231630,6021593373,3.832178019,3.824768824
leaf_1014,0.13548413,2.531297467,27.73741372,0.483048234,66.70324627,1.876061038,3.330626399,maturity,5.93559823,13.0466981,36.38636442,monsoon,5.467953217,147538885.7,20073604.08,1.118280434,1.115288973
leaf_1015,0.735017655,2.879777533,45.66017925,0.242485531,77.64922113,1.13863376,4.012837667,drying,6.154400044,31.14690727,36.76442057,summer,2.465872196,722473379.7,972813913.8,3.116725518,3.165691552
leaf_1016,0.932723486,3.77914782,30.39312552,0.510350902,90.29757627,1.004404804,2.056318653,germination,6.75699086,16.14748098,38.84042476,winter,11.03444936,2384125351,2867681336,3.775744952,3.773003373
leaf_1017,0.262517811,1.057348283,55.44344435,0.523182931,68.44723963,2.4118376,2.027830349,germination,5.845313072,36.84142314,30.64247666,winter,5.195769639,462066152.7,677552863.5,1.541726035,1.559750373
leaf_1018,0.611150707,2.430530405,55.82759777,0.507105847,62.7487685,2.346599017,2.960506482,maturity,6.017280473,37.85818989,32.59377602,monsoon,3.32907814,2265665616,2743736254,2.703835692,2.676525616
leaf_1019,0.923939468,3.063166127,31.89148817,0.245586355,72.47416575,1.41463322,2.403228789,tillering,6.436121726,39.27680014,30.44692664,summer,3.068129398,644856035.5,673633866.1,3.746464893,3.74504404
leaf_1020,0.130551381,3.168120873,29.19975016,0.457563183,86.16781386,2.192387732,3.040845472,tillering,5.966100197,38.17243915,28.85622733,winter,5.408733665,564177568.5,414265851,1.101837936,1.082842059
leaf_1021,0.727678241,3.077597295,36.45215888,0.533729918,79.27416906,1.404646955,2.708173178,tillering,6.677287339,18.15664966,36.26549442,monsoon,9.297492923,2685570380,3207669620,3.092260802,3.090832578
leaf_1022,0.367614107,1.403305388,29.62126341,0.43094136,88.58776794,1.348778036,2.114080099,grandgrowth,7.346352057,25.29330534,30.09477768,summer,6.017631342,279876120.9,141279467.7,1.892047022,1.954505704
leaf_1023,0.931956576,1.898186765,46.89535373,0.45856295,93.58572517,0.813525895,5.637216586,tillering,6.996178731,15.26364911,31.42224163,summer,1.289265922,353165320.1,568520921,3.773188586,3.783901675
leaf_1024,0.973952421,2.076146576,53.04258738,0.383345392,87.74318669,1.352812113,2.032892526,grandgrowth,6.832853228,34.18628966,31.05510486,summer,2.356718085,848087583.4,1397634720,3.913174735,3.911281128
leaf_1025,0.94983984,3.413311623,46.92368524,0.411482928,81.13310776,1.574833877,4.944328577,grandgrowth,6.665442952,36.65295115,35.68991838,summer,5.067045461,8736123481,7090366378,3.832799467,3.838461056
leaf_1026,0.526792795,1.836279617,52.97401789,0.213750743,77.26695558,0.545008655,2.608591548,tillering,6.475895819,35.53866518,38.76693439,winter,10.23586275,549426184.2,768903044.1,2.42264265,2.382006263
leaf_1027,0.875838386,1.632114892,35.87968649,0.455585209,61.40241802,1.38822601,5.648918488,tillering,5.873127719,23.00100846,35.00134092,winter,2.379211029,632860356.6,1091412740,3.586127953,3.578663967
leaf_1028,0.860094459,3.872344057,26.25267883,0.232578885,94.45126926,2.062712437,5.571183758,maturity,7.289420911,32.76021654,32.07373894,summer,8.849195949,7480337003,8172846525,3.533648196,3.537572376
leaf_1029,0.387190426,1.026589855,49.5180379,0.374005838,73.42183929,1.860092113,4.615604585,maturity,5.997072004,12.92737509,36.68807672,monsoon,2.678402192,176755138.9,-118678057.3,1.95730142,1.952991097
leaf_1030,0.846023927,3.993462567,34.41898021,0.317062039,65.32798749,1.770313978,4.688936599,grandgrowth,5.682617755,11.20734312,34.61456986,monsoon,3.962614583,873293721.8,874766177.3,3.486746422,3.492875152
leaf_1031,0.133306871,3.030463897,46.85083301,0.41817118,83.33480994,2.319110857,2.021356568,maturity,7.000030358,32.59709243,25.90915536,summer,3.410639386,311717944.3,539322997,1.111022904,1.128371422
leaf_1032,0.636642891,3.485407898,30.82575768,0.253366534,69.95009012,0.53606402,5.939486264,grandgrowth,5.851231069,22.76065823,26.4349538,summer,1.941200898,131891693.6,31219508.76,2.788809635,2.830307131
leaf_1033,0.307007954,1.883858189,23.24918539,0.476657361,80.50223948,1.614095172,5.511330414,germination,6.243791999,39.86647794,25.56875416,monsoon,10.39861744,1518857034,1694873698,1.690026512,1.684674516
leaf_1034,0.208510197,1.042945833,59.70327182,0.518004615,80.53687677,2.074697697,5.580424903,grandgrowth,5.556569857,12.91762648,31.85224489,summer,7.487649663,536763229.2,824822027,1.361700657,1.381173155
leaf_1035,0.169257881,3.213608556,26.24806032,0.26534178,75.60054373,1.582670765,4.636978148,grandgrowth,5.774135885,35.66883045,37.38780152,summer,12.63474817,1022439620,1217572697,1.230859605,1.192933328
leaf_1036,0.726659898,3.502433791,59.53683976,0.241725235,89.26415154,1.147791105,3.379147715,maturity,5.846407262,24.39949197,29.69624754,winter,2.38447176,640456476.2,752714674.7,3.088866328,3.085069533
leaf_1037,0.405887467,3.221428396,59.0911973,0.258206193,69.27384715,0.77250113,5.574594596,germination,5.608820256,34.81450587,30.76240275,winter,3.026261067,540945728,791790807.8,2.019624891,2.005893329
leaf_1038,0.752290094,1.428550862,51.75272416,0.550851025,75.70214071,2.275126144,3.166067713,drying,6.813313913,34.51381847,38.64215663,summer,5.290408239,4015634940,4166389942,3.174300315,3.182661891
leaf_1039,0.158820707,3.260283767,46.37691848,0.411275705,78.8192245,1.441524785,4.250846173,drying,7.174015592,37.47976004,37.55355168,summer,11.72212382,2823017524,2572885392,1.196069022,1.191182293
leaf_1040,0.383761304,3.306768346,43.11228201,0.386904398,83.22686523,2.256230394,2.398923889,drying,6.246630813,18.93550034,34.97572169,winter,5.280623524,1041543954,877750328.4,1.945871013,1.945710458
leaf_1041,0.585542163,2.975621547,54.64406182,0.242684728,87.43901477,1.671704245,5.687822521,germination,7.249152953,38.4939806,29.00205673,summer,6.717861905,5222061546,4170746440,2.618473877,2.617611717
leaf_1042,0.811650848,3.298347798,31.57758086,0.459822403,73.8182549,1.848384233,2.563081831,tillering,5.926693149,14.55000881,26.75562224,winter,5.222449928,819008148.4,639214492.4,3.372169495,3.377627409
leaf_1043,0.386877253,3.537764319,38.7072485,0.547199837,82.61164304,2.108522309,2.899587223,germination,6.150780847,12.45906333,25.24088234,winter,2.123140085,300652502.6,290384442.9,1.956257509,1.955965345
leaf_1044,0.663302239,2.840812343,44.77559877,0.531274348,65.27138336,1.818311089,4.232536633,maturity,5.801473986,22.94846552,26.60516009,monsoon,14.15207072,5643569269,5190231956,2.877674129,2.880496802
leaf_1045,0.897379973,1.265814142,36.44761903,0.450421884,92.64268352,1.296109681,5.056372001,grandgrowth,6.741118391,34.84968906,29.38894665,winter,8.679545889,3392413256,3874692154,3.657933245,3.639239817
leaf_1046,0.654276869,2.462883429,37.09945816,0.230111487,73.40705822,1.527266768,4.477405224,grandgrowth,6.339739182,24.20263392,33.27685095,monsoon,12.02966463,2120753447,2814857334,2.847589565,2.842184648
leaf_1047,0.309663527,1.232948004,33.2113867,0.244958811,85.53324977,2.106091049,2.928535651,maturity,6.726566694,34.87860033,25.96000124,monsoon,10.21699929,509833186,597531555,1.698878424,1.705457206
leaf_1048,0.121960703,2.222629093,42.56927267,0.219723595,60.71193787,1.247300593,2.00377217,maturity,7.023349811,31.89060417,27.04341667,winter,8.199559907,95539411.03,345663.3189,1.073202345,1.088104501
leaf_1049,0.883088987,2.221319467,54.02298112,0.302991687,67.18155,1.276242914,5.028602321,grandgrowth,6.591406032,16.28285158,27.71621053,summer,2.255495593,464418779.5,779058482,3.610296622,3.619371611
leaf_1050,0.11914247,1.198029532,28.06113512,0.254264587,77.04788905,0.691380232,5.940829304,tillering,6.75526071,38.46644875,34.47973139,winter,9.998269634,144355369.5,403228206.4,1.063808233,1.075723326
leaf_1051,0.887231505,2.046461602,57.37732155,0.304019216,90.73883637,2.32916887,5.239652481,tillering,7.370500629,11.82343506,34.23684698,monsoon,3.175184983,1661314989,1945334346,3.624105018,3.602968964
leaf_1052,0.576043421,1.332994296,47.56350615,0.354023222,78.45393025,0.68207263,3.840826473,tillering,6.098128619,36.94839123,33.2614859,winter,6.801364371,677265485.9,557597527.2,2.586811402,2.595589842
leaf_1053,0.945160929,3.42470563,52.93092851,0.577193114,92.54546688,1.796418355,5.615069046,maturity,6.218327877,19.13330347,28.75752137,winter,9.807584009,15489038766,10759113447,3.817203096,3.835455837
leaf_1054,0.818904912,3.843064078,42.24762771,0.444150424,76.93289138,1.326388958,3.639390692,grandgrowth,6.935406723,25.00444249,30.56679537,monsoon,11.95120601,6946657717,6680265900,3.396349707,3.417831469
leaf_1055,0.998140699,1.216949426,51.18066806,0.533989514,77.16571839,1.311238781,4.099736337,grandgrowth,6.722611034,22.67055618,26.45034575,winter,10.59063246,2939601789,3721990991,3.993802332,3.972592211
leaf_1056,0.415640634,3.865345622,20.64801589,0.4841406,64.1911376,1.859103673,3.90851907,grandgrowth,5.857065809,15.15503671,28.39690906,winter,10.40146941,982019123.4,1122678197,2.052135446,2.083758034
leaf_1057,0.79046946,2.567729798,52.73521699,0.245001252,88.09296855,0.634187465,3.790495491,germination,6.25229462,20.74440599,38.4655784,monsoon,3.086590928,427582701,415004335.7,3.301564867,3.279714184
leaf_1058,0.461737822,1.898697034,21.60555436,0.494368163,68.64378944,1.687411566,5.100763077,germination,6.435676026,15.78803309,39.6953762,summer,5.845799561,652229597.1,543099001.9,2.205792741,2.178033721
leaf_1059,0.531888058,1.230586226,55.59653505,0.310039553,91.48643713,2.044063572,4.107075629,drying,6.338779676,16.11659426,34.71489378,monsoon,1.600771817,245966031.7,190497364.1,2.439626861,2.415798923
leaf_1060,0.664754917,2.501872804,59.67850989,0.455643139,91.87884771,2.156425516,3.266868488,germination,5.856549617,15.61170508,38.75234938,monsoon,11.0726765,5742011560,4951607473,2.88251639,2.885497624
leaf_1061,0.886309403,3.383546633,31.76269849,0.336384789,93.01585392,0.841060779,3.032632671,tillering,7.348860184,24.67052141,34.64112851,winter,14.33620374,3422235926,3695189086,3.621031343,3.629464208
leaf_1062,0.985675122,3.121259432,28.41274225,0.599068905,78.20806712,2.2948381,2.150989268,tillering,7.024637523,33.93794103,25.49794729,monsoon,4.697545463,2886363778,3060832665,3.952250408,3.937355249
leaf_1063,0.791446072,1.150678034,50.61453455,0.305420592,83.69828247,1.812292184,4.332780648,tillering,6.462711664,27.06910101,39.95143877,winter,2.227753928,720308332.8,1416613679,3.304820242,3.282786888
leaf_1064,0.475990104,1.218705506,30.12105364,0.311652188,87.2480558,2.263709602,2.919845662,tillering,6.860122057,36.79619766,26.48428453,winter,7.657981075,803860572.3,384679058.1,2.253300347,2.243088808
leaf_1065,0.479221302,2.208619848,54.62249533,0.572268902,64.58551165,1.470561434,2.592535688,drying,7.294565344,29.09633466,35.23962702,winter,12.99377512,3958641238,3764104154,2.264071007,2.258261594
leaf_1066,0.763824071,1.885871482,24.11370369,0.209857762,81.03350182,1.58406669,4.615319855,tillering,5.772348285,30.68020347,28.79254305,monsoon,8.727638734,960930142.7,1585258735,3.212746905,3.212276155
leaf_1067,0.314899431,1.697152969,25.03820786,0.478675595,61.20042655,2.338076554,4.724837031,maturity,6.000746101,30.02821689,30.87971669,monsoon,1.654880103,199380206.6,-17690222.23,1.716331437,1.715869036
leaf_1068,0.199426702,1.843013497,59.1660622,0.490130556,77.41481292,2.299819087,5.008619569,maturity,6.585402495,23.4837758,34.68901277,winter,14.63981137,3732327375,2674673560,1.331422339,1.36317417
leaf_1069,0.419159942,3.41044823,46.95355593,0.534551431,65.41949386,1.396321747,4.014307585,maturity,7.098020743,30.68016467,31.54731024,summer,12.60109874,5694928178,4770490810,2.063866473,2.089085915
leaf_1070,0.358515092,3.787684161,53.87548898,0.589775724,66.40230241,1.048825263,5.576218421,germination,5.572509791,12.09123239,28.75819088,summer,2.842317079,461435361,650118348.2,1.861716975,1.892664266
leaf_1071,0.366677308,2.215308084,32.97317509,0.590240768,72.77666483,1.286340869,5.745371014,grandgrowth,7.4680363,35.79554416,30.0166928,monsoon,13.90516859,4743718698,3870747051,1.888924361,1.959570518
leaf_1072,0.310246976,3.718333006,47.05934998,0.226110703,75.13530084,1.275528657,5.229483759,drying,6.409813206,33.3343643,30.12322175,winter,7.30963604,1447173759,1437264848,1.700823253,1.70101311
leaf_1073,0.137883871,1.964487104,43.76967309,0.528735729,81.81103486,1.07373375,4.542373928,maturity,6.218462281,17.35689875,39.38985857,winter,6.206571868,330010176.1,439349588,1.126279569,1.12803286
leaf_1074,0.116086541,2.429310959,44.1260048,0.458523973,62.60499465,1.037159209,3.214883814,maturity,6.085448876,33.04097363,36.97919524,monsoon,7.454746627,330101220.9,670050728.7,1.053621804,1.041799911
leaf_1075,0.988950151,1.678086993,47.30129838,0.458936854,77.62921164,2.222125873,5.931779686,tillering,5.848713415,10.37927804,31.87823157,summer,12.6840074,4524201216,3574400158,3.963167169,3.957586871
leaf_1076,0.48499582,2.921428127,43.01436693,0.251339971,66.39187956,0.639723841,3.096544669,maturity,7.083147818,16.51739717,27.99731381,monsoon,10.2327155,337627904.1,151794953.7,2.283319401,2.300730991
leaf_1077,0.445893982,3.936943346,37.16249477,0.460074867,80.08913113,1.855222364,2.810627688,tillering,7.410828329,11.95411716,37.16524165,monsoon,1.829478334,377498748.9,488698687.1,2.152979941,2.127764705
leaf_1078,0.711682554,2.810479288,31.03690778,0.592993032,82.30916143,0.845640103,3.768616455,tillering,6.32728951,33.4068075,27.35773707,winter,14.4064612,4022264289,3502849053,3.038941848,3.040965451
leaf_1079,0.296428499,2.073442252,50.74325324,0.564727428,79.48482398,1.189011787,2.227362283,grandgrowth,7.40484139,32.67622454,28.15693326,monsoon,3.068977869,387602946.6,558235085.7,1.654761664,1.640529668
leaf_1080,0.954965066,2.943452338,29.0508972,0.375652264,85.84034287,0.623086068,5.913977859,germination,7.147595231,34.40908071,30.49020088,summer,11.43795132,4161221044,4409491635,3.849883552,3.847111449
leaf_1081,0.807710513,1.368762035,47.69417225,0.215979189,71.74632355,1.039947274,4.353734226,tillering,6.462102255,10.1344508,38.20522294,monsoon,9.905911426,458453215.3,741567955.7,3.359035043,3.370136767
leaf_1082,0.180469902,3.665977241,29.33331291,0.344917396,86.77873071,2.036842142,4.227808367,tillering,6.848052358,25.0369818,26.97680003,winter,3.625392671,419393075.3,362765661.7,1.268233007,1.259408284
leaf_1083,0.475822698,2.509251852,45.0132068,0.530556125,75.14684786,2.270030649,4.62318512,grandgrowth,6.369968358,31.14508593,26.83351289,summer,3.390249066,2029319446,1903203895,2.252742327,2.252070713
leaf_1084,0.891206477,2.348049226,49.88313069,0.480599641,76.94645744,0.943054304,3.988094591,tillering,6.617446816,14.66203386,32.40962482,winter,13.18458631,3009599117,3506091153,3.637354923,3.632412765
leaf_1085,0.95025882,2.757594365,28.74855556,0.383737462,82.68357445,1.427095679,2.128254068,drying,5.616092674,29.49372183,29.14615812,monsoon,6.875728929,1204903427,1768583983,3.834196067,3.820046835
leaf_1086,0.52066136,2.874351588,22.39773203,0.222040614,60.64254344,1.440648096,4.449245155,germination,6.892526951,12.52330298,33.53091912,monsoon,10.1640712,425533619.8,631520898.8,2.402204534,2.381208545
leaf_1087,0.65207025,1.215327419,25.23894972,0.370757891,82.88979775,2.247150612,4.864695508,drying,5.605649289,15.43977568,31.77455027,monsoon,8.056994054,744436497.1,722936592.4,2.840234168,2.844397042
leaf_1088,0.250330551,3.047851664,44.23987869,0.387609976,81.65048022,2.025598106,3.666996242,maturity,7.134169894,24.27390445,31.5243866,winter,11.18294924,2422117094,2125321658,1.501101838,1.510657905
leaf_1089,0.992051764,1.725795041,53.97785625,0.571422213,70.84464909,1.526154437,5.029182288,germination,7.149893859,29.60695458,26.67959456,monsoon,7.709393251,6251179607,5831962933,3.973505878,3.960026231
leaf_1090,0.308504531,3.141857898,21.79987285,0.456434441,63.00279997,1.841494401,2.908005197,maturity,5.974154575,14.37607381,27.11574535,summer,5.023318814,190328983.7,-157905723.1,1.695015104,1.705436133
leaf_1091,0.948458597,3.467604383,49.36605036,0.324661167,63.18274075,2.194710108,2.885106364,tillering,6.147325562,15.55669992,37.31617866,summer,6.087367194,2290574686,2316203460,3.828195322,3.839155716
leaf_1092,0.684681984,3.411875523,33.65274584,0.410127306,92.31283114,0.519077908,2.645667951,grandgrowth,6.462620757,16.13339101,38.28824106,winter,13.02708772,1062841027,1463298546,2.948939947,2.948254214
leaf_1093,0.646963115,2.657502902,39.1411348,0.226422123,84.12477624,1.305780062,3.487979039,drying,6.693325814,17.16102414,28.52025299,winter,7.552485701,722223839,613689636.2,2.823210385,2.845071612
leaf_1094,0.56141966,2.560509677,57.15438199,0.589027294,64.44859148,2.314486335,5.388048142,maturity,6.074707323,16.79661546,26.70190752,winter,3.988290651,2113220135,2585110009,2.538065533,2.598375768
leaf_1095,0.307602831,1.428627884,33.27886019,0.344023961,72.48531093,1.980626062,5.311648249,tillering,6.684972809,21.85447325,25.80125008,monsoon,14.08447543,1018450217,877001142.2,1.692009435,1.674312577
leaf_1096,0.258875229,3.326038451,38.61347736,0.391146942,80.73690479,1.585682749,3.531296832,drying,6.095574146,29.61368953,34.12446421,summer,12.15240639,2200515864,2241638877,1.529584096,1.519711081
leaf_1097,0.298437588,1.814228141,20.54729659,0.34211359,89.24500968,1.559289054,4.356474944,drying,5.610981442,23.14095349,35.73029819,summer,1.779326045,95235417.67,-165630013.4,1.661458627,1.633011029
leaf_1098,0.267794436,2.490086268,23.2639488,0.473004692,61.5281325,1.195540195,4.883265266,maturity,5.5050551,33.27921726,30.59214984,summer,14.98520147,1106854203,1678983979,1.559314786,1.553129357
leaf_1099,0.801626026,1.852822279,30.34366365,0.464892863,68.2821596,1.541041067,2.964827099,tillering,5.702302116,31.57805518,35.19513801,winter,10.72897375,2222254336,2075250056,3.338753421,3.365215163
leaf_1100,0.415112733,1.401485089,21.11408963,0.486128924,91.14121466,1.810766399,2.672564344,grandgrowth,7.0845014,13.79580742,35.69438223,winter,3.243732387,149023608,-140664925.8,2.050375778,2.086471006
leaf_1101,0.152058409,2.888673091,45.25501304,0.307257292,60.32079426,1.336726077,5.888383973,maturity,7.422862625,11.4652487,39.03013422,monsoon,4.320347538,208078380.9,129591924.3,1.17352803,1.177424965
leaf_1102,0.972192367,1.162996104,37.05593427,0.326267392,67.0489686,1.928306293,4.470229253,drying,6.353932399,36.33824692,25.97310457,winter,10.69423674,2533436636,3380245384,3.90730789,3.898584955
leaf_1103,0.895407296,3.245935702,41.92580811,0.250100492,93.56584616,2.222464455,5.925662887,drying,6.525367907,12.394932,27.88437585,summer,11.91665477,5046381576,5265784079,3.651357655,3.626209859
leaf_1104,0.934977055,1.952760386,26.98588744,0.462203989,81.46906463,0.809369696,3.351023949,germination,5.793696338,14.45017542,26.02788981,monsoon,4.346503204,238295214.5,-337794507.8,3.78325685,3.78880398
leaf_1105,0.99541704,1.000404079,31.83728118,0.215918851,69.15849783,1.403094046,4.8121268,tillering,6.602062705,10.66399827,38.019909,winter,4.597563955,196691241.4,-148186986.1,3.984723468,3.94773224
leaf_1106,0.256505724,2.533387418,46.55297899,0.439072934,62.3446883,1.316040183,2.890414546,germination,5.789309804,28.85009096,36.8888074,winter,5.299689728,514281139.8,652425057,1.521685748,1.518834991
leaf_1107,0.456617817,1.140555726,58.61210895,0.547878354,60.98669692,1.874929608,3.044800685,grandgrowth,6.722428662,27.47111689,33.61963106,summer,9.372257108,1694062629,2214431465,2.188726057,2.188175997
leaf_1108,0.782414628,1.828508673,22.01667094,0.556332859,68.56607779,0.999734931,4.047608485,maturity,7.366517335,39.60710999,26.25495115,monsoon,3.405426496,634163322.2,497618273.6,3.274715427,3.216254958
leaf_1109,0.726418556,3.120929462,55.61537283,0.379615104,90.85200369,1.78050183,3.278472502,drying,5.891397079,36.60797189,29.09968538,winter,2.459404784,1959024985,2274028820,3.088061854,3.045181277
leaf_1110,0.238506316,1.188068865,43.07524805,0.383721475,74.5569779,2.254978483,2.670486255,tillering,7.029127436,22.32529532,29.46579772,winter,10.50409725,510683712.8,662070446.8,1.461687719,1.445414062
leaf_1111,0.834249812,3.518015477,42.55678267,0.230787673,85.21166792,1.3362632,3.051522808,drying,5.547004846,21.14757523,33.41114794,monsoon,11.90737116,2337111168,2802179051,3.447499375,3.439454782
leaf_1112,0.301996515,1.011459768,40.01114141,0.46830601,92.13997624,2.3220314,2.142993578,germination,6.250994483,18.90556103,28.87065841,monsoon,8.013011662,358723164.7,446322367.2,1.673321716,1.672050191
leaf_1113,0.301435853,1.740471608,22.77576344,0.528503768,74.28141616,2.486327478,4.817694486,germination,5.721497016,14.5722076,26.09439796,winter,6.093657944,372469765.1,558558923.8,1.671452844,1.670592659
leaf_1114,0.583276981,3.222712168,23.59507407,0.297862022,66.69470799,0.7121841,3.968466628,maturity,6.204950883,14.1425097,35.96143453,winter,7.048597989,276957928.7,-270485690.4,2.610923269,2.6067243
leaf_1115,0.633645941,1.948810449,44.03648023,0.368520353,78.09912758,0.966106376,2.376972266,tillering,5.847073839,13.96851124,29.48620317,summer,6.437709674,278608604.3,-178109963.4,2.778819805,2.797692615
leaf_1116,0.622077587,1.305677164,33.63834286,0.535535735,91.78292905,2.400759503,2.686775973,tillering,6.24660998,13.42344272,31.78561266,monsoon,14.43978872,1666921587,1906186702,2.740258624,2.735931457
leaf_1117,0.182338154,2.080701756,56.69072266,0.550848187,88.15310449,2.416655373,2.410138152,maturity,6.335045612,17.21536127,26.91499952,winter,11.75325867,1049334950,1513375727,1.274460512,1.292094808
leaf_1118,0.889714776,1.811179859,36.26362149,0.297271992,62.30404452,0.695414551,4.450371233,germination,6.101182246,19.20005891,37.03822455,winter,3.913221008,284357641.5,-123266756.2,3.632382588,3.628002146
leaf_1119,0.339040038,3.528135706,25.73125835,0.420228254,84.240048,0.529997001,2.376841454,germination,6.813243899,38.84736913,33.48297815,winter,6.378648129,387947584.7,280773558.1,1.796800128,1.800460186
leaf_1120,0.216563429,1.940043753,48.58875334,0.27699726,80.01641329,0.822200047,5.017129332,germination,7.337704103,27.35419753,38.52378439,winter,8.616172079,621752060.1,651957900.5,1.388544764,1.369119611
leaf_1121,0.899873272,3.366797415,31.73413686,0.240751506,91.76121117,2.492025567,2.082043677,drying,6.301190748,39.62787324,32.43207345,summer,9.581802069,4275735317,5068478316,3.66624424,3.614961153
leaf_1122,0.960086348,3.675616434,41.01881229,0.564448201,64.28684959,0.859999233,2.997503152,grandgrowth,5.884686313,21.17400843,39.12138508,monsoon,7.554574544,2493148492,2198150016,3.866954495,3.881693981
leaf_1123,0.875914856,2.301452259,47.91331142,0.528203002,78.69126396,1.505095213,5.562666704,germination,6.041445516,23.72879898,38.37802307,winter,12.34177289,11411460310,9352174086,3.586382852,3.5767706
leaf_1124,0.828564467,3.729829432,56.01056445,0.504013961,90.78119427,2.196835453,4.874125272,grandgrowth,7.208001647,19.73735977,33.64689785,monsoon,11.74648427,23842114515,20327184787,3.428548224,3.41688162
leaf_1125,0.689717783,2.131954162,51.68764779,0.219506528,74.35083254,0.540803221,2.291873332,grandgrowth,6.643279447,15.48662953,39.00840157,monsoon,8.072210861,249034375.3,100857111.1,2.965725942,2.953845624
leaf_1126,0.595771634,3.892235249,47.05444271,0.537491517,76.86982212,1.708977965,5.284504418,tillering,6.410022065,14.29494123,29.84633121,winter,12.96201141,7216440125,7430736102,2.652572112,2.649000279
leaf_1127,0.178288084,1.267868574,47.1853273,0.37521763,62.46612372,1.054050898,3.972140486,maturity,5.799273443,38.35237593,30.48463244,winter,11.51525343,408608908.4,542180160.3,1.26096028,1.262817205
leaf_1128,0.467607892,3.0610578,57.83698576,0.336958049,69.73502742,2.224669833,5.387132109,drying,6.399454617,39.60432045,25.68216927,winter,11.90014588,9029184750,7238987161,2.225359639,2.192584794
leaf_1129,0.435419665,2.481442121,31.8329639,0.418590544,71.35773272,1.066922299,4.402959098,grandgrowth,6.056984007,11.3472849,33.8380136,summer,14.38961091,807550085.2,1081053122,2.118065551,2.127477826
leaf_1130,0.333778405,2.162946416,20.04448377,0.236541297,93.07928571,1.873511441,4.727332128,drying,7.386326256,14.51037624,35.82885955,winter,4.730537177,256301980.2,181066348.3,1.779261351,1.780750928
leaf_1131,0.751078102,2.898135636,30.87818238,0.50265862,69.89335762,1.848439265,5.974006242,tillering,7.268140219,22.70572277,36.60278785,monsoon,4.747074273,3738559141,3790017461,3.170260341,3.176708225
leaf_1132,0.546288162,3.111571275,28.71565519,0.432974031,76.13040573,0.942987098,2.929342184,germination,5.667805084,15.59000429,27.24724429,monsoon,13.44533158,719351858,519747998,2.487627205,2.491289596
leaf_1133,0.172941594,1.013089809,46.4733834,0.274636039,83.49565482,0.5695984,4.495782299,grandgrowth,6.533306979,20.91641181,31.66238608,summer,11.81116923,122172628.2,40853477,1.243138648,1.244281589
leaf_1134,0.298164882,1.500859266,45.34846399,0.27529288,65.67641803,1.318499148,3.84128556,maturity,5.950116691,13.8728905,27.65294818,winter,13.97163758,296326931.9,-167706959.7,1.660549606,1.624954478
leaf_1135,0.714932887,3.139138152,43.73845531,0.273699461,77.02548355,1.078386304,2.157807812,tillering,6.321554179,23.6953527,34.93191023,winter,1.883822245,237330715,457387755.8,3.049776291,3.037243505
leaf_1136,0.168517774,2.999156241,20.64973773,0.222800955,85.84886638,2.117955499,2.057882566,drying,7.253695997,18.15083849,27.36919559,summer,9.788599082,153446503.3,78112667.5,1.228392578,1.231486296
leaf_1137,0.866086223,3.898142515,49.15112218,0.43511938,90.33993246,2.100728377,2.476914311,germination,6.55502904,20.55715167,38.56245526,summer,3.024796734,2667410097,3053718773,3.553620742,3.560632483
leaf_1138,0.545631874,3.283113371,32.9412165,0.536139271,81.91907461,1.414047904,4.596366962,drying,6.168430587,12.82937954,28.45951968,winter,8.054560776,1527870300,1327804424,2.485439581,2.417580991
leaf_1139,0.53252792,3.852318123,46.60223956,0.206999286,83.41687304,1.713024451,4.268652352,maturity,5.915776708,22.84384152,29.37103399,winter,3.180457046,761917767.4,743426427.3,2.441759732,2.420733232
leaf_1140,0.633167006,3.107621505,42.26313714,0.219601858,64.41992154,1.708519032,4.213718245,grandgrowth,7.100649719,39.49772833,37.76359483,monsoon,2.793099126,1252707076,1403428816,2.777223354,2.781608178
leaf_1141,0.842212869,1.894156626,33.70923702,0.429108111,93.1021774,2.154316297,2.12742705,maturity,6.749036031,19.86499141,31.87701415,winter,1.170356835,246248419.9,755507847.6,3.474042898,3.493446691
leaf_1142,0.413028287,1.316094767,25.38305068,0.527798274,64.64009271,1.350004828,3.877211985,drying,6.436130921,36.29287825,25.35993919,winter,9.823343373,716901351,896305527.3,2.043427624,2.046980094
leaf_1143,0.710214537,3.34547159,23.77675591,0.330695556,87.1135528,1.05089336,5.698491271,drying,5.934968708,35.29597425,32.41879377,monsoon,6.026316634,1994318571,2559974514,3.034048458,3.028643388
leaf_1144,0.609158768,2.932447664,53.26073332,0.33984576,69.26857126,1.030069836,3.590367477,maturity,6.168492748,38.56175255,26.26815003,monsoon,2.472635988,639863103,604385959.5,2.697195892,2.682690078
leaf_1145,0.340325443,1.144558037,56.73590168,0.438538599,92.67576003,1.572384559,4.499689879,maturity,7.419686853,33.70328537,39.78017078,monsoon,5.519728888,1744687873,2015580116,1.801084811,1.804868704
leaf_1146,0.890766988,2.080151398,45.99152187,0.309685156,85.19858388,1.398296405,5.119274702,maturity,6.540179875,29.78790481,33.82167356,monsoon,3.36521728,1784453101,2464268771,3.635889959,3.631816402
leaf_1147,0.817683419,3.870399446,24.13736459,0.210643346,86.38347995,1.380241542,5.135701117,germination,6.301398562,35.69753333,28.84798926,summer,14.18372764,4534351677,6633886281,3.392278065,3.401776965
leaf_1148,0.692606651,2.501203437,36.08108868,0.494091407,67.66707106,0.682274678,4.07712033,drying,6.542844085,12.26934042,33.45576519,monsoon,5.480068401,427786926.9,314541875.7,2.975355504,2.955944251
leaf_1149,0.865523556,2.298187408,49.157568,0.450259965,75.50639918,1.937207481,5.431807782,tillering,7.057977012,23.88491972,26.15300655,summer,5.675349326,4376335370,4525355550,3.551745187,3.552089805
leaf_1150,0.880564781,2.373098815,51.19283536,0.4323024,81.62346181,0.927473376,3.565512373,germination,6.180217873,39.67768716,36.99836956,monsoon,12.75801205,7224338830,6359808668,3.601882603,3.623673071
leaf_1151,0.737526679,1.626648172,24.72874489,0.496673652,86.94907664,0.89390726,5.554772859,germination,5.857412242,33.08800454,38.87992081,monsoon,10.06858066,2413283262,2855488695,3.12508893,3.171203197
leaf_1152,0.853311996,2.106121513,20.00122875,0.470092335,63.63857816,1.325516641,2.960908666,germination,6.669872237,38.86226134,38.11666582,monsoon,10.9424025,2281418520,2472436131,3.511039985,3.510884573
leaf_1153,0.727724316,2.109439768,48.48548184,0.282352795,93.68278608,0.955556683,3.120865628,tillering,6.830408207,33.38903068,30.12636403,winter,9.904025256,1997597928,2076614510,3.092414385,3.076137066
leaf_1154,0.712126695,1.157065061,34.26384704,0.340992419,91.15772347,1.667716535,2.212482497,maturity,6.925436006,36.24645902,29.88652179,summer,14.24674798,1730474755,2238564935,3.040422315,3.023783952
leaf_1155,0.65675024,3.302702886,30.17925326,0.250444057,69.46220067,1.242926679,5.182327346,drying,7.263975182,31.19588897,25.52631417,monsoon,3.898011642,826952986.7,775693887.6,2.855834135,2.862580676
leaf_1156,0.777444976,2.249513296,20.51589879,0.251942805,88.79660851,1.397823445,3.668220945,grandgrowth,6.242348241,32.81506013,34.77100538,winter,14.84654938,2176150348,2527069711,3.258149919,3.243423187
leaf_1157,0.242744595,3.46653966,41.61197627,0.470478299,78.14133731,1.574338643,2.916466456,grandgrowth,5.650709792,25.6953403,33.02357176,summer,12.63338649,1790238398,2337353049,1.475815316,1.502427133
leaf_1158,0.892783683,3.551044003,54.04602942,0.543440043,76.16322685,0.907071045,2.92716111,drying,7.416697167,37.72713102,31.89019557,summer,9.245616244,7767448293,6915205534,3.642612278,3.643335673
leaf_1159,0.884659175,1.635982164,58.30526585,0.585093034,71.0051937,0.811503246,5.605599765,tillering,6.370023855,34.75116732,38.6144643,winter,10.27320274,7002063669,6642435468,3.615530583,3.624438389
leaf_1160,0.126322555,2.972060447,42.62979802,0.451338847,80.33390053,2.260843806,5.335666402,grandgrowth,6.746515019,35.31654897,27.51818352,summer,10.08356227,2314057322,3521646368,1.087741849,1.084771514
leaf_1161,0.843235076,2.416845412,40.57845311,0.273640529,85.54611912,1.367447406,4.214123541,germination,6.832610646,30.19027303,25.144994,winter,1.817547137,525838753.3,898361258.1,3.477450252,3.50259416
leaf_1162,0.215982881,3.640470214,23.40225542,0.242260138,74.38265167,1.324187219,4.464443202,grandgrowth,6.593027417,19.13739841,26.09974678,monsoon,4.052230979,130789568.9,-448973649.4,1.386609602,1.380894364
leaf_1163,0.401606969,1.647222038,41.95491206,0.525140389,82.02267176,0.571224301,3.897302282,drying,5.910515059,11.06889386,28.35057157,winter,14.46059238,356914142.9,197892134.7,2.005356563,1.968693157
leaf_1164,0.769157431,3.033439601,35.19916316,0.431502591,84.47595224,1.495952605,3.566666172,germination,7.0102861,38.06965388,25.49928324,summer,8.481102004,4609402848,3878890891,3.230524769,3.224239161
leaf_1165,0.244683906,2.823256367,44.28541124,0.447314008,84.8892636,1.608339443,5.661907525,grandgrowth,7.107503949,27.58361046,32.54265566,summer,6.296950446,2124925190,2128296048,1.482279688,1.504043924
leaf_1166,0.836170322,1.885904433,35.54905392,0.512584836,61.81881343,1.617681742,2.502450814,drying,6.605951172,18.94428913,29.71135683,monsoon,11.66853849,1559948121,1664172550,3.453901072,3.506736537
leaf_1167,0.84892076,1.409802711,29.61196494,0.481310891,90.0911732,1.914062339,3.673787159,tillering,6.477122321,14.47405324,27.70724512,winter,8.343265197,1170960883,955033759.8,3.496402534,3.517543717
leaf_1168,0.55672096,2.954919281,23.79861101,0.533783301,76.03886602,0.85496367,3.378247632,drying,5.727876366,34.88569497,36.25126112,monsoon,1.1842788,196862345.3,179028473.2,2.522403201,2.563317661
leaf_1169,0.105747285,3.215792374,32.59673778,0.222485562,69.18456286,1.004446268,3.992602881,tillering,5.667903323,35.09560583,28.06676989,winter,11.30732635,215984590.5,185165900.2,1.019157615,1.026466908
leaf_1170,0.35833432,1.946882031,23.86579337,0.499008255,68.46175776,2.12146093,3.830527498,germination,6.179129691,34.43523904,35.31407651,winter,11.25104584,1953864674,1989594694,1.8611144,1.877656399
leaf_1171,0.655234227,2.934497812,27.07587803,0.540341103,76.90549395,2.394341234,4.075558127,drying,6.121692311,29.35248076,30.23897359,winter,3.31208197,1899616166,2828448251,2.850780755,2.845720389
leaf_1172,0.98306756,2.185392723,59.49344634,0.314454017,91.03910388,0.771865495,2.559675909,maturity,7.407312902,20.98046163,32.67741641,monsoon,14.39324124,2642078797,2986168568,3.943558534,3.935630036
leaf_1173,0.668632174,3.13962065,37.76414228,0.45617891,73.24216536,1.495299109,4.052566006,maturity,7.067245485,19.12210854,39.0080056,monsoon,4.134713842,1749257672,1207350269,2.895440581,2.890371929
leaf_1174,0.333823223,1.597645825,41.27487066,0.325664826,86.24040114,0.928352505,2.969675256,maturity,6.819848591,10.2566431,25.56027452,summer,7.408491143,112883777,-170326191.5,1.779410743,1.780150001
leaf_1175,0.670605133,3.670645008,54.94474115,0.583188427,63.38865558,0.620146337,2.737325396,maturity,6.535296178,35.00822676,32.50396761,monsoon,2.606303458,822513786.9,1306670489,2.902017109,2.907462899
leaf_1176,0.585986842,1.862228789,59.82275602,0.213369429,76.66198458,1.151006676,2.259336875,maturity,5.834735061,12.62298092,37.8163444,winter,9.445952472,365289152.1,287926419.6,2.619956139,2.602597361
leaf_1177,0.801860856,2.103357963,43.30857797,0.431917138,94.70901491,0.78737525,5.050610235,tillering,7.456913344,28.92264994,33.81961373,winter,6.256315681,2711177651,2995383829,3.339536185,3.374164829
leaf_1178,0.196282575,1.174275856,52.49895284,0.266601419,86.9653231,1.919866147,3.709767683,drying,6.250081396,25.12224841,29.15305775,winter,5.944428471,271854894.5,157737098.6,1.320941916,1.333657445
leaf_1179,0.784925112,1.334536637,33.07764097,0.484888082,67.3684971,1.567450827,4.506574733,germination,5.713851205,25.80068077,30.96521703,monsoon,12.57767628,2295285762,2471082448,3.283083708,3.269491769
leaf_1180,0.587139921,2.547585708,32.2297583,0.270356113,77.55045158,0.787668942,4.910373373,maturity,6.487597791,37.80138536,35.20398443,summer,1.13386398,191346552.8,353825752.1,2.623799736,2.614461179
leaf_1181,0.966692803,1.80277803,36.10814884,0.294153305,68.17686673,0.518483177,4.717266661,maturity,7.247996023,10.94845034,38.36217841,monsoon,12.17125479,571809084.9,587867310.7,3.888976012,3.883821161
leaf_1182,0.407684949,3.506440677,46.90029051,0.397748324,74.33463245,2.116314098,3.882002876,germination,7.274582004,33.20176674,25.61599561,summer,9.00027992,4534284245,4434908331,2.025616498,2.020427596
leaf_1183,0.669359704,1.044080166,47.28766757,0.56593398,87.30294083,0.852388812,3.551594116,germination,5.521931832,11.56157195,26.07308233,monsoon,14.80537919,609097557.5,795745513.5,2.897865679,2.894313152
leaf_1184,0.938825295,2.137282146,32.60957739,0.284685749,86.99286854,1.712433284,3.503839639,maturity,7.27259149,11.14460818,29.87577285,winter,9.252205088,1089149442,1111874062,3.796084317,3.796001679
leaf_1185,0.192258755,2.01203664,25.32839697,0.257696008,67.98351323,1.173843826,4.560195188,tillering,6.042968435,22.89453094,28.49169527,summer,1.775307878,32149839.91,-333215795.8,1.307529184,1.331942479
leaf_1186,0.943505639,1.057982893,45.29585026,0.503590733,92.27781614,1.670971877,3.97917742,germination,5.577944728,11.89225523,28.97396329,monsoon,1.70903457,229449031.3,317214288.1,3.811685462,3.793414111
leaf_1187,0.71909715,1.373105197,25.13303449,0.400247813,80.7398864,1.131307254,5.396528992,drying,7.195580541,33.67431854,28.31904998,winter,13.36414181,2244930537,2752280268,3.063657167,3.049862969
leaf_1188,0.161053353,2.240928025,43.13970033,0.564714045,73.29735018,0.673879121,5.498807937,drying,7.227733512,25.88689281,27.93737573,summer,12.77699804,797459648.5,1527215187,1.203511177,1.219100457
leaf_1189,0.37086721,2.478593753,47.73688512,0.258645823,77.56774533,0.945900017,2.682241512,tillering,6.69246216,10.87116348,26.9593595,summer,5.842461058,127980843.2,-221827478.6,1.902890701,1.947602838
leaf_1190,0.73735488,2.212869242,48.02445986,0.458371157,81.17749387,0.876117133,2.544934606,grandgrowth,6.648867515,11.21502059,39.00931198,winter,9.652454779,912662796.4,1606728907,3.124516266,3.17096441
leaf_1191,0.160615541,2.592813035,50.13888443,0.293151658,79.59616861,1.356038705,4.521603704,tillering,7.126240545,28.38005589,27.16284196,winter,7.854278999,644477550.5,242741255.9,1.202051804,1.18950743
leaf_1192,0.623953414,2.785395025,54.91437686,0.262704171,77.02417624,1.816567567,3.204902992,maturity,7.072619105,34.18335453,28.06605662,monsoon,14.54029677,5546322489,4143274683,2.746511381,2.729746391
leaf_1193,0.411294751,1.029771463,39.99835968,0.473371766,77.67264814,1.02761215,2.074282875,grandgrowth,7.280210947,23.13398594,28.69398586,monsoon,14.29945261,458752669.8,429809565,2.037649171,2.052291895
leaf_1194,0.658823966,2.392285478,49.20996758,0.437473848,66.17441686,0.524139871,5.554570677,maturity,6.605494895,26.63742015,38.9952231,winter,14.77374612,3313179403,4354564539,2.862746553,2.874657533
leaf_1195,0.14116783,3.890497723,44.76690941,0.501930983,88.44565165,1.537874729,2.907603069,drying,7.435294185,33.99488362,36.335712,monsoon,13.13028293,2942822494,3245232451,1.137226101,1.153085311
leaf_1196,0.884383126,2.55709684,27.46559759,0.323785031,78.9616112,1.711518979,5.717122607,germination,7.492293662,28.31518522,36.84549145,winter,13.73372227,8340373230,7487784580,3.614610418,3.622249106
leaf_1197,0.976140072,3.032626802,21.02758579,0.379188663,64.58779516,2.425740988,4.869737804,maturity,5.73308922,16.74280713,26.57137389,winter,4.041902903,928246239.5,903960071,3.920466908,3.916167587
leaf_1198,0.97199007,1.935591574,31.38165543,0.362188671,86.81549856,1.678941606,5.05061396,drying,7.199087519,28.39156078,37.54464813,monsoon,12.63409505,7631188742,5078488807,3.906633566,3.904689259
leaf_1199,0.774686649,3.321974134,37.72134825,0.593635786,92.63553924,1.442345119,2.805845983,tillering,6.499644515,28.84838377,31.12289623,monsoon,10.92399958,6886253795,5498896141,3.248955495,3.24527568
leaf_1200,0.217077616,3.318764446,44.68423778,0.316899583,93.15574147,1.646803252,2.936777702,maturity,6.275132677,32.02320943,28.94234539,summer,14.47901112,1935175278,2053368953,1.39025872,1.384559586
leaf_1201,0.782436876,2.563888143,53.99837322,0.317926895,72.91562063,2.35580126,4.085071015,drying,6.72614462,28.62622563,33.63625125,summer,8.997665598,7041300816,6185469785,3.274789588,3.281024688
leaf_1202,0.122128225,3.92804147,27.84982867,0.341819284,64.74309057,2.156756291,2.688399411,germination,5.611931115,39.07726391,37.33274359,monsoon,2.192340334,153852250.4,331921800.1,1.073760749,1.080657968
leaf_1203,0.119911196,1.376650644,25.0219916,0.425837633,78.14398693,1.145957467,3.221726771,maturity,6.512922238,15.91864926,36.67978227,monsoon,9.363584477,90348959.19,1731574.545,1.066370655,1.07090264
leaf_1204,0.391249197,1.050842995,58.5391979,0.300929098,63.94132303,0.974508727,3.285849912,drying,7.24178114,38.53272039,38.34996224,monsoon,10.61213299,842034744.5,1180837102,1.970830657,1.95767563
leaf_1205,0.539778871,3.310474635,24.32178238,0.566115976,92.68955965,1.025267225,2.638519733,maturity,5.926923032,26.15018471,38.92198279,summer,4.084494402,760050604.4,522425657.7,2.465929571,2.412351863
leaf_1206,0.793366676,3.421466612,39.1396428,0.306274226,66.42528696,1.508842079,2.820731334,germination,6.35277979,30.15868421,28.57183107,monsoon,6.517587369,1641056941,2030773917,3.311222253,3.308961511
leaf_1207,0.714965839,1.360621687,43.42254915,0.558326293,68.8468051,1.988098902,5.154207368,maturity,7.378961775,12.98384792,31.35786841,summer,9.379047797,2344140876,2944993462,3.04988613,3.044473989
leaf_1208,0.501312436,1.796748499,41.65497684,0.241390025,74.23227844,1.506438414,2.668783418,maturity,6.357127676,21.41727824,25.21942809,summer,6.237480322,289453715.6,-82286897.18,2.337708119,2.353760459
leaf_1209,0.346264,1.05265709,23.44128628,0.462625081,73.4107564,0.635592792,2.113829567,drying,6.216735265,33.08137439,38.18982489,summer,6.249268041,95676712.99,-106396199.8,1.820879999,1.837325314
leaf_1210,0.99741205,1.879925832,22.28107656,0.562794207,87.81320123,1.947161401,4.517419771,grandgrowth,6.381073296,31.20733045,27.31858227,summer,2.863212948,1414443128,1369191181,3.9913735,3.958424494
leaf_1211,0.483563172,3.319425622,24.2193371,0.267499775,75.97108872,2.111940257,5.903932478,maturity,6.538905533,11.20418164,37.92212219,winter,14.17045412,1939120529,2267337626,2.278543907,2.264244
leaf_1212,0.506248322,2.553881583,43.42350735,0.587330784,65.9768891,1.07899573,3.324855258,grandgrowth,6.763982688,26.3978279,29.94080983,monsoon,11.50692138,2400599404,2556751061,2.354161073,2.369158967
leaf_1213,0.247261439,2.04428678,41.77379551,0.381153344,69.35234634,1.828251479,2.474622813,tillering,7.101385602,12.64834579,30.52200385,monsoon,1.017408144,35217868.71,-181866198.3,1.490871464,1.512781148
leaf_1214,0.815328594,2.115217885,29.34963168,0.578286043,77.81896848,1.353183802,4.281549301,maturity,6.404204412,39.87569288,25.58698382,winter,11.71858598,5052590448,4270375666,3.384428646,3.369584178
leaf_1215,0.724314003,1.004060877,45.51096567,0.470728017,65.16088711,2.278238711,5.625416844,grandgrowth,7.13496187,36.91889766,29.90318185,monsoon,11.3571299,5819830431,6155539121,3.081046677,3.042492678
leaf_1216,0.298692652,1.899401583,52.80270008,0.320634748,81.40794865,2.190451116,5.136247119,tillering,6.567441323,10.63241981,38.32545524,summer,1.136233442,133754237.4,252633612.9,1.662308838,1.617972358
leaf_1217,0.174142941,2.939376225,21.66315839,0.27532101,79.80115573,1.550863997,4.490063474,drying,6.176961021,35.75948737,25.38321102,winter,6.174460167,293656257.3,105197943.3,1.247143137,1.229719802
leaf_1218,0.712449372,3.922583331,39.92519774,0.321494018,85.01458107,1.883011092,3.260225986,maturity,6.815901656,37.58288802,31.0949121,summer,9.494467665,7079190257,6342415415,3.041497906,3.042889331
leaf_1219,0.689060093,3.541182481,47.57241648,0.237206964,92.81966154,2.266699402,4.167520693,drying,6.935444509,20.60644668,25.47099445,winter,7.338509126,3224785873,3023095662,2.963533643,2.953075433
leaf_1220,0.345933574,1.070784894,30.09247708,0.257547187,91.92890964,1.49143402,2.364979365,tillering,6.616097951,31.58504965,30.56385138,summer,11.89180566,353510717.9,260890933.2,1.819778581,1.821761535
leaf_1221,0.955777206,3.695681814,32.31083621,0.241864176,93.11264663,1.126501481,4.715781697,drying,5.613229946,23.26311239,27.58960961,monsoon,6.956416657,1710987812,1657408468,3.852590687,3.841342778
leaf_1222,0.235952103,3.34959524,44.54551612,0.369177417,68.5650459,2.007332276,4.900384076,drying,5.83976575,29.65697454,28.7832759,monsoon,3.154081572,689148603.9,724963498.2,1.453173675,1.417983759
leaf_1223,0.489101321,3.341128371,55.91741174,0.518231351,64.60478573,0.94013251,5.860126492,germination,6.070595442,20.20952213,38.1639756,monsoon,14.66981874,5788408732,5228302907,2.297004403,2.325820983
leaf_1224,0.949254328,2.373987277,52.39697681,0.256553422,70.57968452,1.277062296,3.041589435,tillering,6.065251212,19.6767771,31.54073831,winter,4.388559899,685968305.5,347057328.8,3.830847761,3.83912972
leaf_1225,0.477754585,2.194015879,43.32520876,0.252128173,91.32798105,2.231454474,2.073825676,drying,6.8468416,22.73301667,29.10696987,monsoon,11.04769235,1211035098,1281850147,2.259181951,2.268196578
leaf_1226,0.674673353,1.908747186,49.20886871,0.45737158,94.02187161,1.948844681,4.182433858,grandgrowth,5.536697323,14.36703276,33.84007567,winter,3.004188363,898123538.4,797185731.8,2.915577843,2.912244281
leaf_1227,0.457834958,1.197084577,34.59289881,0.278873193,90.07637329,1.30762201,4.827162018,tillering,7.011363554,34.93416893,27.1316044,summer,5.606176593,559986629.8,327242043.6,2.192783194,2.177684436
leaf_1228,0.346793682,1.68470609,45.63862112,0.239044015,63.85062024,0.929489005,5.161629904,germination,6.03068495,20.46093686,28.89087411,monsoon,7.188386518,250182089.1,-85145575.26,1.822645607,1.829648331
leaf_1229,0.985579883,1.739810905,38.64726365,0.266739431,93.15997993,1.211936782,2.774955732,maturity,6.120043692,22.00448662,33.19371951,summer,3.691248063,456909493.1,15437954.7,3.951932944,3.946485978
leaf_1230,0.468400606,2.452231209,27.59744546,0.569492558,74.81753096,1.068208298,3.047011476,drying,6.555819656,36.82163838,28.56284563,monsoon,7.299434069,1106267067,1188951753,2.228002019,2.214666334
leaf_1231,0.904689283,3.24233322,48.06953096,0.528588501,60.32586018,0.852178576,4.050363701,grandgrowth,5.931851202,24.89871442,35.18691606,summer,3.200279522,1290562789,1514897939,3.682297611,3.665704493
leaf_1232,0.306959145,2.421429485,42.25858549,0.341625825,75.48378093,1.986665827,3.32240324,germination,7.268942627,26.32761728,32.37236953,winter,8.826091546,1461654001,1289423922,1.689863818,1.667640679
leaf_1233,0.291794234,1.173533348,34.34486328,0.462328307,61.61242094,1.004139774,5.442045946,tillering,5.670737559,38.69494374,36.57983605,monsoon,10.29198554,756160103.6,1077963158,1.639314112,1.615191067
leaf_1234,0.128020675,3.873369403,56.4535676,0.414910269,79.03572724,1.40833494,3.895040615,drying,6.388764725,36.60179149,39.22366804,winter,1.874079976,432794338.7,947125358.8,1.093402249,1.076906625
leaf_1235,0.686500143,3.828172957,20.83736471,0.470849705,71.84939096,1.271718894,5.198314576,germination,7.198844539,15.08400127,26.73707334,winter,13.1958497,2346035817,4571885672,2.955000476,2.956136557
leaf_1236,0.431673709,3.355568629,32.63092605,0.473068461,76.57022268,2.464154757,4.322479042,germination,6.731687789,24.1964509,30.01997515,summer,3.591972391,1601492325,2259211851,2.105579031,2.117640731
leaf_1237,0.877922425,3.973983705,22.27525591,0.451493606,81.46096263,1.282184488,5.092360566,grandgrowth,6.084659032,39.13888682,29.79323594,monsoon,4.155073954,2750976547,3085387611,3.59307475,3.574953737
leaf_1238,0.525888916,2.633446998,50.66109265,0.306440547,90.40803835,0.659964966,3.330691946,maturity,6.341520416,21.17098895,27.26774379,winter,10.25889776,802335903.8,666620404.6,2.41962972,2.376259109
leaf_1239,0.971374085,3.888305051,48.08429816,0.215602568,83.16655518,0.679651505,5.325666488,maturity,6.913388761,21.14719326,37.15454706,summer,7.562514846,2421056614,2962033551,3.904580284,3.900451415
leaf_1240,0.266972964,1.226815122,33.25408875,0.382226713,75.1917104,1.681507443,3.098289262,maturity,7.446521487,15.85090695,36.39818056,summer,7.991538388,279956685.8,109985658.3,1.556576547,1.541484813
leaf_1241,0.881760851,2.097042245,47.02651609,0.556389554,88.67997488,1.698727103,4.184395232,tillering,7.286277437,13.42969342,32.26638206,summer,2.794169784,1345260877,1414693896,3.605869504,3.618549874
leaf_1242,0.798937168,1.676143804,35.83748905,0.427798903,91.69537482,1.337517981,2.856028453,germination,6.184865617,32.20914372,33.06656167,monsoon,12.28030151,2908628467,2785563578,3.329790558,3.349093993
leaf_1243,0.79382966,1.587499252,50.25015166,0.532956417,64.19159883,1.363687385,3.902106087,tillering,7.496395759,33.10091406,25.89316207,monsoon,9.638759445,3569691951,3606418946,3.312765534,3.302213555
leaf_1244,0.860304905,1.422408847,38.16734651,0.596649737,78.61765421,0.607865166,3.272700838,germination,5.507009327,39.07038891,33.33261028,summer,2.895348606,452507359.8,829757050.7,3.534349684,3.518027868
leaf_1245,0.784921592,2.867240925,36.49118911,0.265446482,69.95791859,1.533093021,3.066813723,grandgrowth,5.555259512,33.20254633,36.87012286,monsoon,6.235991138,1520456702,1808009559,3.283071973,3.276690268
leaf_1246,0.663598289,3.343965567,57.38919662,0.476711056,61.64714193,1.509478951,5.867940072,grandgrowth,7.14768103,17.30057482,33.6074136,summer,12.34573906,8504053565,7989034148,2.878660965,2.88135478
leaf_1247,0.21812039,2.734895198,30.035164,0.469717429,83.39913433,0.799098637,2.640296422,tillering,5.898925374,11.20349735,28.97959555,monsoon,8.956970644,127018871.5,-182543638.5,1.393734633,1.383787138
leaf_1248,0.129273562,1.440888129,24.8178936,0.591982179,90.19697721,0.707678772,5.14930335,tillering,5.621538537,39.56312153,35.01322409,monsoon,2.521082908,88292768.64,66728110.47,1.097578538,1.130299661
leaf_1249,0.928763063,3.43337131,43.38172453,0.594240294,65.70159291,0.747144981,5.936659838,grandgrowth,5.974296146,20.21352087,30.42232645,summer,6.218878641,2736659643,3125465623,3.762543543,3.746576885
leaf_1250,0.654985283,2.907864121,58.77287249,0.474671445,88.43447802,0.702056493,2.079605935,drying,6.352200308,19.35914627,33.17309926,summer,4.397721578,615381687.4,874581874.5,2.849950944,2.845065637
leaf_1251,0.816883562,2.164497118,35.11356855,0.297445917,89.86885067,1.719416391,4.796109656,maturity,6.961132541,37.17865629,32.31348045,monsoon,8.244517751,4718153814,4166803437,3.389611873,3.405275759
leaf_1252,0.533370116,3.022390887,22.48147055,0.519422335,92.00191549,0.892965305,3.011647222,maturity,6.748671053,27.55299696,30.71762501,summer,12.8070558,1703547488,1766423602,2.444567055,2.41579367
leaf_1253,0.20557737,1.779714938,33.57221069,0.242811654,69.28497812,1.002860304,2.161951297,grandgrowth,5.975242435,16.44613522,35.78316971,summer,7.107739887,55988698.98,-173683001.3,1.351924567,1.381136754
leaf_1254,0.212667213,2.035576625,40.23726617,0.512279722,91.63835728,0.847144288,3.611558316,maturity,6.506540896,36.67288728,38.25814168,summer,7.066788425,806982602.3,621398249,1.375557377,1.365761805
leaf_1255,0.717008759,3.752457529,26.47692027,0.56407845,71.22319642,2.415670609,5.740871241,drying,7.352428211,39.80082565,25.07818778,summer,13.67491263,19915801675,19626026867,3.056695862,3.04145658
leaf_1256,0.487275305,1.871513517,46.32408872,0.353133358,79.33183047,2.209234926,2.047060377,drying,7.130015554,12.60035683,39.00424779,monsoon,9.066595775,850222342.6,770787608.6,2.290917685,2.305139462
leaf_1257,0.280472254,2.409964804,59.90997556,0.452254118,61.76776148,0.960989675,4.351542768,germination,6.14637957,35.86754885,32.67272704,winter,8.926675224,1520800741,1781865740,1.60157418,1.594865864
leaf_1258,0.542435092,3.670423412,38.06957904,0.372057093,61.53583809,1.155132588,4.005585914,tillering,7.464529123,21.71547093,35.51097821,monsoon,4.666738486,1078438510,704212119.7,2.47478364,2.420487069
leaf_1259,0.157788043,3.123164051,34.18914227,0.375106022,85.21306245,0.919785685,5.493536657,maturity,6.917240801,25.7221734,37.83436849,summer,9.50811847,870858530.2,1099149557,1.192626811,1.167859447
leaf_1260,0.623774262,1.186609678,36.02816667,0.324148356,75.55679923,1.483751919,2.336006858,drying,5.624898711,37.44447927,32.00655538,summer,9.062746544,691514927.6,1225771552,2.745914206,2.736686453
leaf_1261,0.342094064,1.441909133,24.60584714,0.504851848,68.97023314,0.539221065,4.72610412,tillering,5.570321427,39.20137587,37.5246111,monsoon,6.555920585,289280384.9,193412487,1.806980213,1.815725432
leaf_1262,0.817803191,1.023524772,55.33094406,0.574470626,66.66447236,1.842736018,4.720438794,tillering,5.836815898,17.86491731,27.66429729,summer,14.86973792,3308971105,4203607294,3.392677302,3.398284619
leaf_1263,0.379325763,2.892765371,36.59302622,0.576300344,83.44837218,1.5463163,4.676320067,germination,6.955711736,16.38552313,27.38751302,monsoon,13.34647351,2908601367,2692374704,1.931085877,1.95989911
leaf_1264,0.509698134,2.343020276,35.49097646,0.269912514,60.01405404,2.297277857,5.76933798,tillering,5.867477852,12.41549676,34.86207053,winter,11.49420806,1328129208,1627104436,2.365660447,2.371316683
leaf_1265,0.110458486,1.402824553,46.38761092,0.54989746,88.20619092,0.828785369,5.292350116,tillering,6.522973538,26.85393558,38.05214508,summer,8.522838238,434373005.6,1102671021,1.03486162,1.04600692
leaf_1266,0.165202199,3.873802363,37.68133684,0.494972577,62.77373621,2.108218492,2.167890905,grandgrowth,5.68652024,10.40813186,38.38639266,winter,7.468837227,290543670.8,271593230.4,1.217340663,1.241321247
leaf_1267,0.453244201,2.588979172,45.92933875,0.30113496,66.70213652,2.083922029,3.884331403,germination,7.341772316,22.35694893,34.65610688,winter,3.588563533,894403591.7,651440045.8,2.177480669,2.160620415
leaf_1268,0.531944951,1.725679882,22.45785161,0.226913845,73.51827384,0.754362378,3.591812225,germination,6.187921227,12.2015205,32.88233845,summer,5.280324636,61079733.18,-341842739.5,2.439816504,2.402831662
leaf_1269,0.640018493,2.501810713,52.54893375,0.307198907,76.97005589,1.297118448,3.240588884,maturity,7.316264113,22.15677349,29.97089632,summer,11.8354512,2404398058,2531859895,2.800061644,2.840345975
leaf_1270,0.362496321,3.038860998,57.62015812,0.564883295,72.42482905,0.840305282,3.805346901,tillering,7.389751284,11.19796568,39.70000623,monsoon,7.352485355,1002836524,1104421304,1.874987736,1.869446189
leaf_1271,0.725483698,1.228717654,45.95061545,0.45327147,71.22492577,1.009441001,3.53677674,maturity,5.512257295,35.05651782,29.7954353,monsoon,13.35177323,1814709059,2024142627,3.084945658,3.041019508
leaf_1272,0.874110157,1.824111445,58.18263715,0.488421864,93.73706042,1.02649235,3.7293356,drying,6.428270374,16.29216982,36.16279161,summer,3.070755909,945485473.1,1117499838,3.580367192,3.573008775
leaf_1273,0.80186589,3.420896473,26.05729257,0.30286094,82.45528884,1.612472788,5.917047462,tillering,5.549312111,19.84926131,32.979727,monsoon,8.116859344,2510838464,3791902726,3.339552967,3.36466556
leaf_1274,0.135656943,2.378994611,39.09664758,0.487755262,60.82015344,1.322821864,2.354531899,drying,7.317385533,36.1014399,34.12768514,winter,10.05751958,528540906.1,924645138.7,1.118856476,1.116295629
leaf_1275,0.532456253,2.639731426,44.07226936,0.211248603,75.0561568,2.395465608,5.688923479,grandgrowth,6.536815089,32.38798184,30.90220826,winter,8.235878388,3606025711,4423836461,2.441520842,2.427629924
leaf_1276,0.194437161,2.298448007,43.2694659,0.350128538,90.62530449,0.752740284,3.920946854,tillering,5.649888025,16.57115085,39.47234688,summer,13.44917648,450048946.6,603429325.5,1.314790535,1.325842867
leaf_1277,0.317840514,1.131699828,36.05847116,0.450701339,70.55096652,2.44738427,4.494968982,maturity,5.720553457,12.15698256,33.57523489,monsoon,14.85388595,786794806.8,1413159309,1.726135048,1.715570908
leaf_1278,0.987996334,1.497249339,33.52337637,0.258438626,63.30947207,0.96127728,5.320731866,maturity,6.267018049,31.47021331,39.06681446,summer,2.621685217,419143335.4,707891934.2,3.95998778,3.951940135
leaf_1279,0.228245989,2.336624916,25.0729609,0.52920143,86.54346701,2.045747873,3.441852117,tillering,7.380468386,21.72107652,25.11387124,winter,2.819368657,244736192,428077398.5,1.427486629,1.433090367
leaf_1280,0.548999338,1.627556396,35.66969802,0.29401252,81.21048412,1.177939852,3.721687632,maturity,6.885818303,32.98239997,33.59005875,summer,2.82453759,359429895.5,153569863.1,2.49666446,2.493175191
leaf_1281,0.656340161,1.149937086,26.5064326,0.460912445,79.96093777,0.786162791,3.638073921,tillering,7.235237732,23.35884317,35.75780335,summer,10.53647934,671390437.2,807057501.6,2.854467203,2.866341165
leaf_1282,0.732218473,3.530948992,49.37462706,0.362078857,61.87517959,2.21577837,3.49892409,germination,6.232913293,20.38007239,36.17620257,summer,6.217465337,3167521655,3020603987,3.107394912,3.120503554
leaf_1283,0.603683815,3.943577587,28.35323742,0.438417438,64.91746534,1.117721798,5.702117287,maturity,5.586427399,23.53616225,38.57465323,summer,11.26640526,3498235403,3701099439,2.67894605,2.665344419
leaf_1284,0.108793763,3.379428622,22.34261221,0.242980221,81.78922887,1.817710808,5.315719565,tillering,7.448635274,32.45676957,25.06602414,winter,6.67660062,319100855.3,847866055,1.029312542,1.030930636
leaf_1285,0.393815177,3.561354765,42.09464551,0.20676512,67.27383445,1.63288737,2.435999959,tillering,5.534345981,37.0666086,25.00495239,summer,9.786494099,819905582.9,1270174463,1.979383925,1.971581397
leaf_1286,0.565940479,1.725931391,43.80918931,0.563825771,77.64245279,1.443512619,2.43249341,maturity,7.395303306,11.4930159,32.08395191,summer,11.77801208,1056320682,1244380348,2.55313493,2.587556919
leaf_1287,0.179079849,3.881880927,54.87652245,0.307852004,79.07085901,1.491638945,3.711478059,germination,6.237354848,25.72334624,25.43940558,monsoon,8.675022749,910164863.8,1217871884,1.263599497,1.247741319
leaf_1288,0.415564238,1.590777113,43.0792645,0.527870801,69.92275166,1.964475828,2.394629507,maturity,5.52018081,10.98506287,39.6179883,summer,8.553050266,508026361.6,759281532.1,2.051880794,2.086502288
leaf_1289,0.129882798,3.854289431,33.81923415,0.59974012,93.19488044,0.675545828,4.476372381,tillering,6.878314463,24.05228635,28.33097762,monsoon,2.235280554,149898714.4,57706103.56,1.099609326,1.110917866
leaf_1290,0.170720647,3.984457882,52.12047526,0.284572503,89.48624374,1.836361324,2.574766429,germination,7.461080608,36.55848487,32.08997094,summer,6.750944401,1261254198,1121323052,1.235735491,1.24625555
leaf_1291,0.457230949,3.135168417,41.61115573,0.306068296,85.28307277,2.291624203,4.089493056,drying,7.431251446,20.84770799,25.91706445,monsoon,8.640880145,2531246267,2257108258,2.190769829,2.182875831
leaf_1292,0.219444179,3.943431195,23.17121139,0.465143915,62.72978532,0.615576394,2.028879788,grandgrowth,5.821874022,37.97351263,32.83072624,summer,7.467731559,198029211.2,196555593.8,1.398147262,1.434682077
leaf_1293,0.610786763,2.708619339,42.63402241,0.586179454,63.71455068,0.781306678,3.266385394,maturity,5.862495612,28.91825415,30.69934188,monsoon,13.610948,2381190407,2680633294,2.702622545,2.677974337
leaf_1294,0.720518472,1.77862535,56.32074182,0.566325739,77.24734711,1.933263873,4.708762895,tillering,6.631077829,38.02466031,25.66990043,summer,13.69142885,12736151786,7052222822,3.068394907,3.045580554
leaf_1295,0.820528029,2.310987657,35.85250502,0.401150208,65.62496722,1.374563296,3.936155761,germination,6.774609653,32.71499876,30.026864,summer,12.50684333,4029791424,4300326550,3.401760097,3.409326172
leaf_1296,0.28013522,2.780682806,31.85303208,0.518044113,94.23929122,1.307097242,5.913077944,germination,6.978835827,13.103055,30.8715403,monsoon,6.254173055,826502065,1082780048,1.600450733,1.587578349
leaf_1297,0.250734324,1.219244686,25.73877828,0.254298341,65.54820819,0.773933269,5.496415184,drying,5.862100721,16.93454103,39.84882237,summer,11.04218812,121856116.6,56556543.54,1.502447747,1.519693074
leaf_1298,0.194111056,2.867029794,26.05782088,0.590975274,77.06137424,1.513540081,3.436283116,maturity,7.418014174,21.82511364,28.11828808,summer,6.534038455,510850987.3,441835262,1.313703521,1.326853959
leaf_1299,0.672787225,3.94353351,37.31085937,0.585741294,72.74423699,0.753090622,2.181946166,germination,6.777478513,15.10320646,33.17169423,summer,4.256310386,500844013.5,297188767.2,2.909290749,2.892410622
leaf_1300,0.735828154,1.570322949,43.82719297,0.265491583,82.37852475,1.453240913,5.3825052,drying,7.194093838,24.84734814,39.80973324,summer,5.80063701,1788080142,2141235167,3.119427179,3.163697012
leaf_1301,0.12842753,3.377785349,23.22461621,0.31976925,64.51627431,2.027230598,5.644937241,tillering,6.580131431,24.14104467,36.88028812,winter,1.993504866,138892632.9,200819124.4,1.094758434,1.088522441
leaf_1302,0.942591022,3.723696381,57.58274356,0.240061999,75.06107498,1.016528716,5.282509574,drying,6.328553695,38.68777594,39.90051251,summer,5.644885126,5392248236,5811534709,3.808636739,3.795739034
leaf_1303,0.146774155,3.831104778,50.2053447,0.30868704,69.61467615,1.461572336,2.511799764,maturity,7.454365813,23.01183649,39.52447472,winter,7.450391042,562503546.4,600204565.7,1.155913851,1.155822974
leaf_1304,0.587166702,3.880406813,43.46495673,0.526382316,91.07130336,2.484031939,5.991660538,drying,6.664242742,33.56880413,32.34309313,winter,14.37673253,36750527159,33065545468,2.623889006,2.613809519
leaf_1305,0.738154468,2.564378916,53.13754684,0.351326243,61.42049992,1.873300847,3.034336886,germination,7.233747166,38.25731635,35.44563775,summer,5.387748207,3260199170,2868964623,3.127181558,3.167362501
leaf_1306,0.883872211,3.931923724,23.20747027,0.235358787,91.98046229,2.182713543,4.896819651,germination,7.406584793,36.30966493,26.6566469,monsoon,13.63434955,9120306053,8390966552,3.612907371,3.59794064
leaf_1307,0.742678239,3.271930621,39.07355511,0.33689021,89.15479485,1.329695213,5.632139505,grandgrowth,6.850709254,16.26002874,31.61723238,monsoon,4.204015862,1581107371,1404607259,3.142260796,3.163706552
leaf_1308,0.821555275,1.485014309,45.20372507,0.592553334,70.41497508,2.035721846,2.942748457,drying,6.597877357,24.88089683,37.13527813,summer,3.673564569,1543548703,1939590520,3.405184249,3.411631317
leaf_1309,0.405505173,2.430700319,53.14611624,0.451873438,87.62517291,0.581018346,5.633034219,tillering,5.507021702,20.43219347,32.58002981,winter,8.26593639,1028543367,1179511961,2.018350578,1.996466791
leaf_1310,0.833342602,3.154993526,51.3387824,0.366464379,61.09247461,0.745822365,3.237926317,maturity,5.580039281,21.99576085,35.54048549,monsoon,10.41515917,1657772710,2333070748,3.444475341,3.422526671
leaf_1311,0.172103362,1.742020947,31.08276999,0.266615405,93.84029426,0.906141186,5.90565289,grandgrowth,5.901702432,20.82420479,36.18626995,summer,1.620651511,44962455.99,47140442.65,1.240344539,1.24960314
leaf_1312,0.90533499,2.921845551,57.63520678,0.594470719,78.43082299,1.303903849,3.125040082,drying,5.872016864,34.79077631,28.80203712,summer,4.094922111,3489499059,3196928520,3.684449968,3.698088082
leaf_1313,0.592833139,2.999801437,24.97383366,0.528339604,70.61483591,2.191489757,5.813743299,tillering,6.00951759,23.56417165,38.13549059,winter,7.379571331,4206654833,5023495669,2.642777128,2.655431716
leaf_1314,0.835567993,1.488099231,55.00534474,0.312590921,72.69041244,1.192532102,2.214178604,grandgrowth,6.109869275,25.71082997,31.89733646,monsoon,5.634060704,579226950.5,528590524.1,3.45189331,3.481942652
leaf_1315,0.507086456,2.695255937,58.83760998,0.228027478,62.32418737,1.809242387,4.837088047,germination,6.220130987,39.47342071,28.15277655,summer,10.97669511,3794274386,3868610113,2.356954854,2.378855883
leaf_1316,0.679219926,3.314880733,27.08614093,0.222650223,94.62723299,1.91862859,4.128444535,maturity,6.34107538,11.79937817,37.98123823,monsoon,8.156248345,1179488473,1281678326,2.930733086,2.950495416
leaf_1317,0.573762395,2.496686994,48.88264257,0.24815126,61.37521808,1.672364708,3.911508308,drying,5.697732677,24.63872919,31.26728209,summer,3.245027478,496860563.2,812869788.3,2.579207983,2.592885512
leaf_1318,0.75843057,1.03630935,21.61142075,0.432307433,82.92174931,1.214483936,2.893977257,tillering,5.584723864,33.22185121,36.25468658,summer,13.52251531,973315829.1,1359584900,3.194768565,3.190906709
leaf_1319,0.173466984,1.027115407,36.21691301,0.571505368,75.49575747,1.654106683,4.822383159,germination,6.847888898,14.53485875,33.22049608,summer,5.100679457,187278215.9,95076117.98,1.244889946,1.248206756
leaf_1320,0.154316876,2.071088032,40.65133197,0.398697371,93.21206764,1.184531186,2.763237966,grandgrowth,6.57466965,28.34594784,30.72807628,winter,11.23583553,508443536.3,581862790.1,1.181056252,1.175481773
leaf_1321,0.322392911,3.778582205,43.22580904,0.537178193,68.60999091,0.667747477,4.211367184,maturity,6.388288404,17.18394339,37.14814623,winter,11.91882091,1326314084,1981015911,1.741309702,1.738471144
leaf_1322,0.243590212,1.686030339,57.43748993,0.378354648,78.62303884,2.485607956,3.012981452,grandgrowth,6.768879882,36.0221234,33.76704897,winter,14.4842078,3133593336,3456348752,1.47863404,1.51518831
leaf_1323,0.88460521,2.903091067,46.89002749,0.483433418,76.8824673,0.754364907,5.822485519,grandgrowth,7.155358814,19.81298996,30.85843154,monsoon,7.979104531,3431025596,3287356592,3.6153507,3.638615782
leaf_1324,0.297292589,1.666227612,39.25111805,0.492749095,84.60032554,0.644696768,2.114524775,tillering,6.355385818,19.87188451,26.64396806,winter,9.621697217,178870265.5,-16563233.33,1.657641962,1.640114983
leaf_1325,0.97827873,1.965009969,52.38700145,0.269585482,62.38035812,2.257061498,2.79891312,germination,6.78223893,27.94581636,38.43167971,winter,5.688268109,2216447251,2357342498,3.927595767,3.932781725
leaf_1326,0.403206213,3.544126269,58.02131284,0.344486424,66.78261955,1.103669322,2.969242426,drying,7.407144448,15.50688724,25.53204378,monsoon,10.49451011,961916423.5,1492655502,2.010687375,1.98297524
leaf_1327,0.263906124,3.186584327,20.88264595,0.454920863,67.5097687,1.800593948,3.656271303,tillering,7.179248992,18.54665917,37.94781023,monsoon,7.487368802,671657301.4,622864651.8,1.546353747,1.533603206
leaf_1328,0.810728656,1.286197832,59.30085089,0.228278643,85.83527642,1.158011459,2.930920967,maturity,6.352001621,22.4989555,30.39942287,monsoon,7.127133106,636671559,537280214.3,3.369095521,3.361655919
leaf_1329,0.692836998,2.286106063,23.44528556,0.344616075,66.61985437,1.282908542,3.965396361,grandgrowth,6.789433676,20.60913589,34.59008145,monsoon,12.97654541,1362004359,1678115406,2.976123327,2.984478223
leaf_1330,0.548376145,1.087509291,52.57547117,0.413919787,80.07221174,1.024225944,5.489862093,maturity,5.854141844,25.74631654,38.83299586,winter,1.702363809,291106261.6,590247959,2.494587149,2.494971447
leaf_1331,0.599827196,2.44267044,31.2133901,0.598489797,67.53353372,1.186088012,4.848253686,tillering,6.62104437,27.98920432,27.27559923,winter,13.34747399,3585674701,3470908918,2.666090653,2.67936811
leaf_1332,0.7472816,2.987302035,25.28718631,0.389813425,90.15687325,1.321400801,4.319847922,tillering,7.462656582,27.00002361,33.50425713,monsoon,12.92897773,4942132388,5442150526,3.157605335,3.172340979
leaf_1333,0.305609267,1.355507871,37.59422559,0.526422703,92.97649091,1.940832138,2.356012712,drying,6.53663023,29.62504936,36.46649294,winter,8.08912755,995501134.5,1045379932,1.685364224,1.662472022
leaf_1334,0.996700524,1.866654817,45.75826318,0.372826914,78.14725412,1.523072388,4.775968434,grandgrowth,7.355276598,19.2324855,36.36375749,summer,7.862839959,3648831609,2339623839,3.989001748,3.969617778
leaf_1335,0.977313846,2.193509877,35.2380738,0.518556289,72.33081095,2.387130434,2.665657137,tillering,6.314669841,13.79278681,32.88447872,winter,6.065303152,1566035620,2806243522,3.924379486,3.947041773
leaf_1336,0.685293118,3.758593074,22.18261633,0.438165921,68.19202213,0.583760788,5.145469544,maturity,7.497689654,32.82422624,34.3710919,summer,14.91843308,3235601626,4746435533,2.950977059,2.943915379
leaf_1337,0.279588206,3.979765046,43.97844559,0.554638177,61.74233505,1.506136645,3.000227034,drying,6.65844007,35.52341148,36.36290491,monsoon,2.556370659,832466989.5,1238304793,1.598627353,1.602619172
leaf_1338,0.712205418,1.134733897,56.09613104,0.364377021,69.39750267,1.668449578,3.668194913,maturity,5.584537988,17.71018697,37.61541457,monsoon,9.263013299,1208901912,1802488227,3.040684727,3.030360102
leaf_1339,0.164978568,3.28302377,35.32861464,0.441721768,82.8982523,2.340393972,3.401880809,grandgrowth,6.673509593,22.21275868,36.42719645,winter,10.54354226,1588069439,1398417434,1.216595227,1.209482718
leaf_1340,0.127587252,2.115172199,28.65331111,0.452007472,78.6765926,0.598317047,5.435255659,drying,6.049145391,24.95707651,30.31007415,monsoon,14.08062012,288095753.9,574972885.9,1.091957507,1.098416494
leaf_1341,0.3319146,2.177374559,37.70309384,0.366953177,93.04144474,1.64699917,2.506177835,drying,5.564962644,25.99980528,39.95089602,winter,11.92284896,1323237410,1450171235,1.773048666,1.755838172
leaf_1342,0.516360661,3.26279492,21.93450844,0.257724817,73.86970419,2.207259857,4.26257953,drying,7.141706609,29.78470513,31.51754041,winter,10.01386084,2221971972,2185337996,2.38786887,2.377980137
leaf_1343,0.881445255,3.755279296,52.81950338,0.237423763,84.28521698,0.983855456,2.568246438,germination,6.051459274,11.248097,25.36697054,winter,2.635372435,201138525.5,128913841.6,3.604817516,3.623261959
leaf_1344,0.754452163,3.852785784,53.05363244,0.20666862,77.12629616,2.252584697,4.819183345,drying,7.093097108,31.64431248,30.43925427,winter,6.232269236,5681134599,4886330979,3.181507209,3.196668735
leaf_1345,0.768435869,2.731367758,43.52001854,0.549413706,77.94016756,0.538086819,5.620312511,maturity,6.076435166,11.85913021,26.91674432,summer,2.943782996,337715157.3,855169363.9,3.228119564,3.21632945
leaf_1346,0.482944001,2.071363478,34.12411556,0.294589965,69.37210101,1.964909258,3.738430615,maturity,5.888652708,24.04865703,26.82163924,summer,13.33697825,1297981938,887107638.5,2.276480003,2.265665488
leaf_1347,0.411341493,3.362647258,51.99133458,0.2846027,75.92327719,2.366226442,3.952369041,grandgrowth,7.447871148,34.83013407,29.2230256,monsoon,11.49469618,6331732106,4199896053,2.037804978,2.052785719
leaf_1348,0.433934887,1.75300415,42.18748099,0.49441416,76.4774749,1.814395323,5.709691346,tillering,6.223290656,23.5364594,25.80063241,summer,11.60551502,2756678295,2173197357,2.113116289,2.119484614
leaf_1349,0.988884607,2.692222087,53.03729234,0.328006445,84.73248826,1.378058488,4.083965555,tillering,6.702752423,14.47269246,35.32768283,monsoon,10.13159125,3834292426,4016570977,3.962948691,3.973151545
leaf_1350,0.136098272,2.075735385,45.2583517,0.402417877,92.92239997,0.589762033,3.950393752,germination,6.719962986,39.55101535,26.10983326,monsoon,8.098609517,313002130.7,208999786.5,1.120327574,1.127667083
leaf_1351,0.880328347,2.969893221,51.37621893,0.265004426,71.52624471,2.340227627,4.313316411,drying,6.620946964,36.67856386,28.04934333,winter,3.099594832,2713099332,2991265989,3.601094488,3.604582572
leaf_1352,0.620807868,1.721196739,43.94251973,0.583898289,61.4770164,1.440592445,4.756918945,germination,7.329391487,33.139409,26.39349572,winter,5.615728414,2079099365,1923038575,2.736026226,2.697074357
leaf_1353,0.494753877,1.574778837,36.56564273,0.54063256,77.37032939,0.557993489,2.4275335,grandgrowth,6.848882143,22.34534809,25.94751596,winter,2.916821095,93483593.01,-275061510.2,2.315846258,2.314588648
leaf_1354,0.752731894,3.75471726,58.3178344,0.545515849,79.05614663,1.879642143,5.284442111,grandgrowth,6.307466008,15.51537181,29.01627498,winter,11.148784,11176158413,10730599462,3.175772981,3.191268418
leaf_1355,0.538002047,1.305411049,41.644553,0.362709499,65.89541929,1.463674507,3.74202011,tillering,7.224760769,38.24233544,33.57848451,winter,3.243202864,576006371.2,363382522.3,2.460006824,2.418516127
leaf_1356,0.886080914,2.517873723,44.20358074,0.504944485,86.61626122,0.748690635,2.28939404,grandgrowth,5.862125798,25.9705338,39.47028335,winter,10.8295897,2405575854,3196266664,3.620269714,3.629313516
leaf_1357,0.910631678,1.662558349,28.81950558,0.257550462,94.4725188,0.928543619,5.144730677,drying,6.588473515,35.57066381,38.13334982,summer,10.69157545,2422882760,2635574863,3.702105592,3.707225062
leaf_1358,0.479548834,1.11678989,45.02603158,0.203447601,93.1021151,0.628981361,3.507799887,maturity,7.401100744,20.26285017,38.13900888,monsoon,7.430262706,214137691.4,174175448.2,2.265162781,2.243718988
leaf_1359,0.349145018,1.108056455,42.86430598,0.207989173,66.89871136,1.648587079,2.40146998,grandgrowth,6.75079526,20.05864951,27.64100554,monsoon,2.893201158,49461828.44,-245351625.8,1.830483392,1.832677092
leaf_1360,0.633115296,1.525665316,27.39353592,0.434640695,90.6377134,1.744058959,4.535116158,germination,7.133936901,39.56621442,28.9736079,winter,5.407211566,1822966916,1484428870,2.777050986,2.791511095
leaf_1361,0.921127011,3.600311064,22.38348389,0.382157962,84.65727727,1.511484597,5.520525414,drying,6.807121451,25.65499145,26.14589975,summer,5.481303527,2507675841,3088823786,3.737090037,3.739519035
leaf_1362,0.28959597,1.847436232,44.17437279,0.40720614,75.88462973,2.134204266,5.551014038,grandgrowth,7.178741727,14.22086272,36.6770251,winter,10.80539186,1750200122,1598003055,1.631986567,1.622008478
leaf_1363,0.660669925,3.851377512,50.54769077,0.202985256,78.9213848,2.222017643,5.830653899,grandgrowth,7.38897576,16.59024034,26.04724452,summer,2.592402272,1104833944,1444372194,2.868899751,2.885269022
leaf_1364,0.668404198,2.744866879,40.93605484,0.369074648,89.73600612,1.731248793,5.470821839,drying,6.045843455,24.45832838,33.35043506,summer,12.60696105,7323607085,6692030815,2.89468066,2.899731575
leaf_1365,0.75980172,2.309842569,29.07090501,0.487227264,76.80472289,0.525512959,2.008563677,grandgrowth,5.839322163,11.27412731,28.71813358,monsoon,11.65410206,222013893.9,122038002.6,3.199339067,3.195726383
leaf_1366,0.218410917,2.740266504,46.66087907,0.377077481,73.06225792,1.890459311,3.520964666,maturity,6.467981501,23.87601956,28.65168451,monsoon,3.608296854,408814101,108320490.4,1.394703055,1.360180185
leaf_1367,0.744242468,2.550095156,23.20422906,0.492887683,77.26366226,1.335998434,5.27417032,tillering,6.903724854,22.56822526,39.86087583,summer,11.06830134,4061626940,4292397940,3.147474894,3.178578547
leaf_1368,0.918129269,3.276328761,37.67334819,0.293207586,80.26954314,1.631114966,3.465012024,drying,5.954382506,33.38008796,36.3516971,monsoon,10.35918454,5641379420,5107176272,3.727097562,3.73173287
leaf_1369,0.261714798,1.847488198,26.53467034,0.525256802,66.61771788,1.798161204,4.406194026,germination,5.508202901,20.64825893,37.55409037,summer,11.4736912,871567648,783124476.8,1.539049327,1.551535417
leaf_1370,0.313788992,2.059151175,27.37836204,0.435372496,91.53177056,1.200473229,4.425267789,grandgrowth,6.185870232,39.47646285,33.57974028,summer,3.644999776,559683068,317598525,1.712629975,1.70633275
leaf_1371,0.974255585,3.682282908,28.09175797,0.28430524,83.59654321,2.33419701,3.460101216,tillering,7.437718671,15.42309758,38.06521431,summer,3.20626451,1354183300,1132939519,3.914185282,3.912494267
leaf_1372,0.262879257,3.839369539,35.46828228,0.29468819,82.16441211,0.767949733,5.617895709,germination,6.889934921,27.72960055,34.68235809,monsoon,4.310775803,534074857.4,602181914.2,1.542930858,1.530719122
leaf_1373,0.868946584,3.677674682,22.04600822,0.451212186,63.48236792,1.843023615,4.012913382,germination,6.302650888,12.69097891,39.19260557,winter,6.122203844,1432258076,1944626805,3.56315528,3.549675425
leaf_1374,0.543050071,2.258343982,35.91173764,0.531975837,81.14608784,0.50871916,3.859136824,maturity,5.885152195,32.01591952,29.22007879,monsoon,12.11130973,1244400932,1785303183,2.476833569,2.416877965
leaf_1375,0.322507967,3.341096509,40.46829788,0.366251113,64.23362318,2.349302211,5.990054983,tillering,6.212179348,39.84261064,33.92979319,winter,11.33093512,6868536613,6201403017,1.741693223,1.741528592
leaf_1376,0.883674911,2.4290072,39.3317714,0.303320172,62.75441863,0.725008266,3.974001456,drying,5.839678867,34.57415913,35.35197022,monsoon,13.95632229,2306091984,2703621045,3.612249704,3.607763748
leaf_1377,0.50077473,2.492619556,35.31136402,0.546804643,78.45588135,0.68976846,2.713593008,tillering,5.712611643,26.67110622,30.89405958,monsoon,1.820813827,151671819.3,26147829.76,2.335915765,2.332851119
leaf_1378,0.563335619,1.614040327,53.56586432,0.467707317,74.09749369,1.166015266,4.052277691,tillering,7.313484745,24.54224072,38.19561974,winter,1.161787934,317614138.1,507828928.4,2.544452062,2.5756464
leaf_1379,0.423310032,2.77339091,25.8130677,0.379234195,80.60835946,1.247132572,5.256066942,germination,7.495300677,35.05089884,39.69704745,summer,10.78794362,3416059680,3099127699,2.077700108,2.100429734
leaf_1380,0.633655766,1.558407693,40.22786975,0.395160078,63.12277588,0.928600145,5.107441308,maturity,5.828228879,38.07922254,32.40654237,winter,4.910024941,829781720.9,1227120094,2.778852554,2.802623214
leaf_1381,0.247171485,1.994694097,22.48165668,0.281702587,75.0844072,1.670243322,5.15432706,maturity,5.609045118,39.67619577,30.85960982,summer,5.677104537,393460893.6,183870664.5,1.490571618,1.509655893
leaf_1382,0.451973383,3.565090605,22.84622716,0.450721052,66.11753503,1.385828196,4.832095136,tillering,6.159462214,21.89617683,32.07906893,summer,8.655228363,1375462219,1292512429,2.17324461,2.169739604
leaf_1383,0.97247109,1.621227428,42.95463399,0.343497004,94.54850301,0.568351178,3.016871316,tillering,6.423318362,39.72752424,37.79105119,monsoon,2.433783724,442561605.4,1010451697,3.908236967,3.902986276
leaf_1384,0.332320089,1.213474856,42.640737,0.598258071,79.64025744,1.139304125,5.448336343,grandgrowth,5.909642494,14.67778757,34.68202638,monsoon,9.997721832,764775920.8,1052573165,1.774400298,1.736998568
leaf_1385,0.691062998,1.207022778,55.12134051,0.392073406,84.06029013,2.120865827,5.573773862,germination,6.102849824,17.60649328,25.67158559,monsoon,5.552064247,1371691398,1968482115,2.970209994,2.961377972
leaf_1386,0.392671058,3.822353562,42.31494703,0.394354242,71.38963982,1.87940307,2.776610786,drying,5.901741471,12.67048374,33.13254866,monsoon,9.85801174,1139456508,1628031317,1.975570193,1.962999511
leaf_1387,0.796125813,2.520761314,58.39164082,0.426340715,63.31586202,1.949741707,2.521822546,drying,7.048521137,18.15215549,25.25950184,monsoon,12.67609678,3185895962,3826766402,3.320419377,3.338060374
leaf_1388,0.217786295,2.228236215,21.94779394,0.566702401,94.1554802,1.896233848,5.902419874,maturity,6.925155886,33.03812655,36.67803057,winter,3.395558667,906228082,1157576669,1.392620982,1.381978841
leaf_1389,0.972838941,3.432635743,23.92030739,0.52032724,70.01906624,1.121946043,5.473295855,germination,6.769903032,35.58773075,29.9246841,winter,14.0322233,9039783005,7994680729,3.909463135,3.90426786
leaf_1390,0.508410587,3.507477784,21.76263446,0.380452028,74.83328648,0.699327844,5.572944589,maturity,6.274435714,33.36677935,32.08011223,winter,8.429633975,1218946974,1447408435,2.361368624,2.370527917
leaf_1391,0.312445417,1.996573099,27.41107401,0.487479706,82.74523726,1.044934368,5.545505538,drying,7.318081883,28.93197335,36.98017159,winter,13.92098871,2178208549,1836622014,1.70815139,1.710875773
leaf_1392,0.166147073,3.080854172,41.65080444,0.4344942,60.86440542,2.1635706,4.166747296,tillering,7.439065083,25.41899538,25.69673226,monsoon,3.908221151,482621433.2,460187787.7,1.220490242,1.197741668
leaf_1393,0.252782115,3.313368448,45.82288726,0.396946819,88.35906957,2.460941596,4.585606947,germination,5.847278625,31.26112868,27.37812303,winter,9.463877304,3597338769,3557275168,1.509273715,1.525999353
leaf_1394,0.567796554,2.963952061,21.82340632,0.276926309,78.78023665,1.487694029,4.181451409,germination,5.946025283,21.72500648,30.96940565,winter,6.654419643,663450254.2,507510398.6,2.559321846,2.584531734
leaf_1395,0.403302859,1.454785224,57.83883559,0.385574505,69.73760155,0.51940071,2.204825397,grandgrowth,6.551262056,35.23925054,28.44887745,summer,11.83911068,406263341.7,518572152.4,2.011009529,1.992886093
leaf_1396,0.845995029,3.627649251,53.68661507,0.298327435,62.15627949,0.780089624,4.982012341,tillering,5.682501139,30.31570282,30.06852139,monsoon,9.482725205,2916144520,5066013265,3.486650098,3.503757704
leaf_1397,0.487798771,2.617283658,31.86449929,0.56593686,65.68744454,1.144161151,4.021328133,tillering,6.372896798,30.93414095,39.97262107,winter,7.923216397,2172274706,1942846211,2.292662571,2.317114075
leaf_1398,0.323842845,1.847417279,23.08750121,0.334162725,91.32618506,1.657170697,4.590836299,maturity,6.66358253,26.07807979,37.38121656,winter,13.78179569,1435493551,884779738.5,1.746142818,1.738146806
leaf_1399,0.655430488,2.275684556,26.79548293,0.580905606,84.01084784,0.650187292,4.01055922,germination,6.544147142,36.55686953,38.25852722,winter,6.279638898,1461637284,1753364970,2.85143496,2.841959101
leaf_1400,0.736099495,1.112713271,25.07777655,0.413222116,68.74656026,2.386714597,3.967245289,maturity,6.161817166,17.56044201,39.0558195,monsoon,4.079722869,476281334.9,509868909,3.120331651,3.153619876
leaf_1401,0.250337717,1.383600404,24.93135117,0.452617751,62.29602677,1.230167347,2.687156438,tillering,6.584891612,21.4344296,30.1140382,winter,9.513416616,162730117.9,-181834882.8,1.501125724,1.517074422
leaf_1402,0.250857295,3.296640252,40.74246755,0.417176178,84.17153593,2.325168436,3.114854861,grandgrowth,7.417601909,33.32927709,29.45615437,summer,9.73639812,3037780552,2885020860,1.502857649,1.51646025
leaf_1403,0.133004284,1.000034904,29.8338977,0.251752247,80.03427041,2.061043606,2.635410768,germination,5.912034809,24.78246688,28.51093739,monsoon,7.147324702,64830915.86,-172993491,1.110014281,1.113266867
leaf_1404,0.762761814,2.249697485,34.32558866,0.350328488,74.15818336,2.010874545,2.782665183,tillering,6.809662717,36.6764204,37.45175367,summer,7.812540612,3128661090,3272282675,3.209206045,3.21837087
leaf_1405,0.697424075,2.567530543,59.58021334,0.239658445,72.72640072,1.71343916,5.891909522,grandgrowth,5.586793388,20.39197959,35.19327793,monsoon,14.4337478,5431940836,5604871089,2.991413583,2.983778261
leaf_1406,0.527167788,1.16390326,47.37256996,0.449181618,67.58849966,1.753567634,2.612453783,drying,5.632832809,21.07990506,28.54257974,winter,11.25759968,771193133.1,783083119.5,2.423892627,2.381853105
leaf_1407,0.859753404,3.919234489,57.95922668,0.378749678,83.43639398,1.77600647,3.077081697,tillering,6.603656448,36.66207368,30.65490744,monsoon,2.548424521,3189571848,3222858270,3.532511347,3.527338822
leaf_1408,0.825103138,1.678375994,25.7022622,0.511193989,93.97338097,1.757442774,4.362358631,drying,5.709878361,23.93110961,32.60067646,monsoon,3.969820992,1159095524,1204526886,3.417010459,3.408474489
leaf_1409,0.626818928,1.912596159,35.28557899,0.288188192,66.1500336,1.607456463,4.440714305,maturity,5.544693577,25.48373753,32.92210086,monsoon,14.65807288,1962619141,1872641138,2.756063093,2.729658771
leaf_1410,0.881444152,1.911827537,42.18927213,0.265826423,80.8990817,2.472828037,2.615896519,drying,5.843025995,19.98291146,38.33091593,summer,11.17051775,2472241255,2514751872,3.604813842,3.611579206
leaf_1411,0.285257089,1.691249986,23.07032248,0.362532892,74.84647695,1.964581135,5.174869703,tillering,6.629698342,18.30009827,30.70849199,monsoon,13.81063177,789905821.5,539226164.3,1.61752363,1.609823149
leaf_1412,0.200727657,1.004421466,20.16749775,0.570634153,75.63410526,2.053892777,5.140811472,drying,6.906681909,29.67846133,38.62786046,winter,5.254060496,385422143.3,639411931,1.335758858,1.343146499
leaf_1413,0.34277465,3.188034382,46.81737335,0.484168726,68.8951548,2.24492563,2.949270817,germination,5.904957128,13.59521985,31.6205134,monsoon,11.38613604,1632897923,1669748225,1.809248835,1.807810081
leaf_1414,0.15137817,3.900536499,45.67278067,0.36756945,88.87972065,0.931279525,3.154665211,tillering,6.836518874,36.37817924,36.19559012,monsoon,10.99603792,1281027175,1348474349,1.171260568,1.151081905
leaf_1415,0.578052575,1.67288045,36.4315524,0.406908868,76.98394615,0.667608318,5.751951462,grandgrowth,5.864952662,33.3760941,38.9538148,winter,5.125659796,828159519.7,1081165059,2.593508584,2.610232643
leaf_1416,0.942945123,2.989141575,39.58576304,0.233685204,79.01920483,1.465788873,5.302685784,drying,6.726914853,15.72244791,38.61363556,winter,8.711428556,2848651240,3149765576,3.809817077,3.802146889
leaf_1417,0.135409187,3.225688981,36.61772002,0.593830359,70.66663195,1.528161391,4.791188132,germination,6.32391936,30.82059837,25.85429301,summer,9.783811558,1211404816,2032280522,1.118030622,1.117937544
leaf_1418,0.209898923,3.545276137,20.96020179,0.466562922,66.3632963,2.15836356,2.328932886,maturity,6.807599019,28.07898764,28.08556442,winter,7.735845352,504094354.7,760986164.5,1.366329742,1.368362433
leaf_1419,0.506979125,2.267887591,33.41486425,0.314161627,63.00686359,1.387567159,3.673056324,maturity,7.490105505,15.53605152,32.15358138,winter,12.58050189,912220476.1,914517803,2.356597085,2.357545586
leaf_1420,0.940487516,1.908792717,27.08329022,0.434323358,84.99416993,1.641706051,4.237207488,drying,7.37563393,18.19610518,31.47331435,winter,12.66016659,3338261678,2917205782,3.801625053,3.806660468
leaf_1421,0.384540494,1.975885402,23.93696756,0.243792946,66.86819986,1.554141877,2.749645152,maturity,5.508563516,22.26959511,34.61337497,monsoon,12.90840768,347230889.5,-279806380.3,1.948468315,1.9639331
leaf_1422,0.556511328,3.137863999,58.26881736,0.586334668,84.1526374,0.576405568,3.792906328,grandgrowth,7.270877529,30.97728206,39.17063576,summer,12.24792997,5930364353,5438564811,2.521704426,2.55637982
leaf_1423,0.137415573,3.4503384,43.974389,0.269913995,73.66317561,1.730429793,4.40410351,tillering,5.63298159,29.16170226,26.68607067,winter,7.833168681,542410539.6,581936280.8,1.124718577,1.113559158
leaf_1424,0.233508881,1.544841903,49.14625137,0.459212127,74.55211803,2.156086572,3.30950672,germination,7.406093172,25.96704543,31.77787998,winter,6.340136174,839046167.1,719212305.1,1.445029603,1.43067826
leaf_1425,0.987967111,2.112823024,32.61454973,0.298181785,76.42121236,0.815001096,5.123779276,drying,6.063651358,33.05231629,27.88616557,winter,12.63926797,2288113085,2462471554,3.959890369,3.963994424
leaf_1426,0.968606827,3.70582059,35.72588518,0.487024553,72.86979778,1.688663468,5.361798327,maturity,6.264069661,32.73813219,38.41161398,monsoon,7.86282042,12761105850,7887357889,3.895356089,3.899383292
leaf_1427,0.104445983,3.420080559,29.47695976,0.510728547,63.5216992,1.687221089,3.294437878,tillering,5.68327641,28.53577462,39.46870279,monsoon,4.449199581,270376855.5,315032524.7,1.014819943,1.028609837
leaf_1428,0.956630607,3.954575208,23.87862684,0.469367892,70.83711335,0.828369928,5.354628618,grandgrowth,5.724545517,33.6097025,32.18052523,summer,8.102809453,3341841216,4171866080,3.855435356,3.844919258
leaf_1429,0.675207944,3.262744779,27.1612655,0.445799784,83.23070262,0.746927147,2.414306264,maturity,6.95348113,20.02790124,26.56015447,summer,2.985897507,221094473.2,-25463111.67,2.917359813,2.911211243
leaf_1430,0.881126465,2.179585603,51.90056181,0.556987638,83.30245405,2.460103886,5.350916394,maturity,7.388664471,36.43748585,36.77942,monsoon,10.68281287,32199123478,28574638288,3.603754884,3.61221649
leaf_1431,0.50926587,2.771913502,47.10183221,0.231450684,70.01785075,1.287438339,2.611001727,germination,6.72149699,28.44730257,35.45712026,winter,5.702897943,700227323.9,1060771020,2.364219567,2.366160478
leaf_1432,0.564036426,2.983042763,41.87715504,0.332365906,76.10359193,0.954843457,2.33170861,grandgrowth,6.931700031,34.67090541,30.3200624,winter,4.649223178,672136236.4,578612699.9,2.546788086,2.586418556
leaf_1433,0.539961922,1.235367449,39.00359491,0.299314992,66.77065298,0.842649089,4.567101618,grandgrowth,7.023939489,26.38837314,38.31111211,summer,14.39112245,1022464550,613500301.7,2.466539741,2.412929751
leaf_1434,0.700177832,2.633490877,56.89737135,0.595205585,67.36302285,1.835203427,3.887749463,drying,6.025628549,16.55314735,39.63747835,winter,11.87633394,7046034799,6520870618,3.000592773,2.996290623
leaf_1435,0.225686129,3.127962485,22.90939791,0.355755912,60.80664809,1.718890595,5.631562402,germination,5.590459262,26.27230386,33.36780774,monsoon,12.01897304,997403965.3,1513832372,1.418953764,1.406703664
leaf_1436,0.126976231,1.501963912,31.22403253,0.49304508,91.38612925,1.787104246,3.452756784,drying,5.503745488,21.13334991,33.48591867,summer,9.73210757,313775850.4,280674750.3,1.08992077,1.097375004
leaf_1437,0.377136947,3.341895152,33.99751414,0.473890066,67.37473328,0.676012055,3.148609054,germination,6.201298566,30.92497108,29.46270258,monsoon,12.74841935,1048764019,1270124207,1.923789825,1.945719405
leaf_1438,0.734212686,2.751318342,51.29703249,0.284832495,67.96368569,2.287069167,4.002939625,grandgrowth,5.982928456,24.27381375,33.76759054,monsoon,11.62827474,5236208748,4994761872,3.114042288,3.158048573
leaf_1439,0.281668107,3.856665357,59.70058481,0.295599072,69.78605014,1.278532794,3.823784743,germination,5.62463545,35.08338415,31.59463481,winter,9.382831858,1913014871,2196002792,1.605560356,1.630785015
leaf_1440,0.70608919,1.127266895,29.62682059,0.312513825,64.45928251,1.126738813,3.377712185,germination,5.859056585,30.34217537,29.5328654,monsoon,14.45574163,686060372.3,482732094.9,3.0202973,3.022735594
leaf_1441,0.972920841,1.795978413,54.97229337,0.364450911,82.37420091,1.424722894,4.774965195,germination,5.748997797,30.53633299,26.00777795,monsoon,3.682329296,1649142728,1989056610,3.909736138,3.923648008
leaf_1442,0.184510644,2.804661638,53.22491042,0.293730026,62.63000336,1.280132131,5.038247336,tillering,7.329756761,16.51466,28.7906179,winter,14.20731607,809047708.7,1299756083,1.281702147,1.292104035
leaf_1443,0.705341906,1.889679737,28.98629591,0.207860593,64.69708492,2.227154006,5.411935876,tillering,5.780534427,39.52749299,27.96781975,monsoon,6.620134268,1324655838,1949766806,3.017806355,3.011316159
leaf_1444,0.499375197,3.143272492,35.97330321,0.551757223,82.56648543,2.35852195,5.891426419,grandgrowth,6.575296928,35.25025628,33.13062977,winter,8.397585768,11524797853,10023520841,2.331250658,2.339896424
leaf_1445,0.881328029,3.277015848,36.38691477,0.586243933,71.88812172,1.106906433,3.066624769,germination,6.68621191,33.67014654,34.02505033,monsoon,2.718350474,1565192573,1593625423,3.604426763,3.625726249
leaf_1446,0.259434811,1.307547892,59.12882674,0.336628155,84.77817393,2.227871615,4.86437393,grandgrowth,6.586978915,19.90645675,34.12857586,winter,8.561504145,1188379638,1306104310,1.531449368,1.538017457
leaf_1447,0.723363357,2.541563393,27.23567606,0.335402752,79.50986606,2.063046259,3.577032942,tillering,5.698112868,26.06894959,30.82271502,winter,9.556894526,2155894123,2737908706,3.077877857,3.055528836
leaf_1448,0.854303761,2.526671667,51.96631884,0.202836725,68.96074106,2.361615345,4.708327888,germination,6.137596724,14.11309564,31.31844601,summer,14.96782159,3542067998,4751247970,3.514345869,3.500916603
leaf_1449,0.950152798,2.107842311,33.36770857,0.472100275,82.77897827,0.991500624,3.903926761,drying,5.602540665,26.1542793,37.51357644,monsoon,14.65269376,4071089446,3190575689,3.833842658,3.827153831
leaf_1450,0.714923225,3.798774588,49.23481383,0.530175958,64.06957881,1.6539183,5.975092411,tillering,6.291339828,14.37667739,32.1434922,monsoon,14.52956209,9480321557,9869477739,3.049744085,3.04074379
leaf_1451,0.547457288,3.48251896,36.80044017,0.25864332,78.77436341,1.049089169,4.915608543,tillering,5.877197863,26.59113532,39.81659998,summer,5.877432841,1348036497,1560223507,2.491524292,2.50387432
leaf_1452,0.656062516,3.091628146,43.13439052,0.26386654,75.30018368,2.148188981,5.809965202,tillering,6.623265067,29.4616564,31.59425845,winter,14.87773098,9950082591,8900103061,2.853541721,2.840935144
leaf_1453,0.882014486,3.142979907,53.30447093,0.5160333,69.3755754,0.510648381,5.339878198,germination,6.885616788,21.70587902,34.74371417,winter,7.376694122,2762783454,4560332629,3.606714953,3.616927186
leaf_1454,0.613548772,2.385148431,52.1666226,0.446516299,81.14017492,1.629638326,5.611604045,maturity,6.56423972,24.95634635,25.75544498,summer,12.92570762,6897116398,7495637783,2.71182924,2.705815085
leaf_1455,0.127348354,3.762983563,54.65692734,0.217944223,90.49667573,1.178406863,5.257676789,drying,6.368473393,36.26960163,34.80009887,summer,4.028479566,518212371.6,962054004.6,1.091161179,1.089448654
leaf_1456,0.937853826,3.083786282,22.38469301,0.449018796,94.96166449,1.145367414,3.836636522,drying,6.274666842,13.25689434,37.77139592,winter,8.081664515,1540086851,1388348471,3.792846087,3.803446244
leaf_1457,0.720574076,3.186943185,47.68202212,0.323567089,81.27169691,1.789812648,3.007153813,grandgrowth,7.183383536,33.75198679,39.13686758,winter,14.52416935,10679484083,7895188039,3.068580253,3.046624
leaf_1458,0.708862047,3.585072711,25.59949507,0.347490062,74.1647056,2.202968899,3.481280702,germination,5.93873613,15.12263653,39.95980917,summer,14.25843956,3289766840,3537464358,3.029540157,3.02954577
leaf_1459,0.294107637,1.822214768,36.63274272,0.507892567,67.88224851,1.718390783,2.080944931,tillering,6.968436679,11.10123948,29.23267968,monsoon,10.57228829,289334590.4,145193085,1.647025457,1.628061033
leaf_1460,0.692996923,3.421212712,41.9435366,0.524374077,68.99836313,2.206345957,4.09597267,maturity,7.014964649,15.56723808,33.63055097,winter,12.16940052,7266032214,7188211490,2.976656411,2.982533487
leaf_1461,0.454477965,1.585721809,36.10957939,0.360142651,76.78092424,1.029194224,4.020231201,germination,6.338400015,32.9512957,31.76076978,summer,3.469973752,342671414.4,106314343.8,2.181593217,2.159344832
leaf_1462,0.686109679,2.036025857,40.78446703,0.578861174,72.85471954,1.53900371,4.101001859,germination,6.094601198,22.1537822,33.45726221,monsoon,11.10321969,3803083697,3532561589,2.953698931,2.956547709
leaf_1463,0.195933727,2.006831363,59.86105235,0.362585087,91.98350829,1.401073078,5.8961249,maturity,6.441082972,36.17561551,27.36179436,monsoon,9.652711317,1995494419,1574029672,1.319779091,1.347755477
leaf_1464,0.692060774,3.935576405,25.40869255,0.508734414,72.89034137,0.523289799,5.645816014,tillering,5.686427852,25.74122624,37.84224359,monsoon,2.281724301,479119454.5,926304504.4,2.973535914,2.956217694
leaf_1465,0.999472353,3.569611671,47.01824181,0.393550906,73.07056069,1.613624286,2.646851113,germination,5.591860064,10.66751056,38.64353415,monsoon,2.584226092,613663312,996006137.2,3.998241177,3.97036227
leaf_1466,0.143390835,3.103509585,35.84003866,0.559012931,73.42370794,1.823048648,3.475530086,drying,5.723206399,31.50140829,31.74492495,summer,2.518210649,298900178.2,143452636.9,1.144636117,1.134448889
leaf_1467,0.979456766,3.181170285,25.32039196,0.563104497,89.28170736,1.683828809,3.695824718,drying,5.874290063,13.30698726,29.20644792,winter,11.14099709,3139144672,3090486235,3.931522553,3.940558703
leaf_1468,0.466217165,2.686218383,26.34947053,0.234966723,82.77759123,1.972559798,3.442131671,maturity,6.508353641,33.681389,27.11250141,monsoon,2.984012915,386437885.6,230381831.4,2.220723882,2.170036836
leaf_1469,0.883678105,3.841272001,57.97092425,0.574597333,81.49590976,1.642679057,5.193983854,tillering,7.198273272,15.04307649,35.25647237,monsoon,7.548251796,11327976692,11211058885,3.612260351,3.626029935
leaf_1470,0.804146936,2.488776259,55.18405987,0.530213937,71.69500578,0.63350051,4.096150679,maturity,5.971284664,20.36339157,29.68347759,summer,5.997745282,1179202905,1763011649,3.347156452,3.361765194
leaf_1471,0.610314635,2.14155313,56.28167842,0.516524286,88.62664619,0.732891048,4.288399268,germination,7.370324021,32.83814289,38.64307855,monsoon,8.707057971,4309408821,4305515669,2.701048783,2.679994911
leaf_1472,0.764604288,1.489106011,59.66131103,0.280364536,61.34273515,1.692949155,5.412054236,drying,7.409815818,38.62694072,35.06518712,summer,10.89067082,5849866169,5864797336,3.215347628,3.209055254
leaf_1473,0.890664005,3.358616957,28.3326156,0.522047684,90.47790103,1.049958384,5.223712614,grandgrowth,7.41780921,21.14301852,34.68527988,summer,10.58611552,6322074134,5752404960,3.635546684,3.639084405
leaf_1474,0.463726289,3.203331796,34.21757349,0.540053094,77.94624649,0.659290258,2.528846091,maturity,7.175125469,34.88200661,33.39103174,winter,8.217278823,1224904975,1358603068,2.212420965,2.168535515
leaf_1475,0.394329845,2.153065116,46.7687612,0.315660134,73.93875822,1.359205487,4.855658336,grandgrowth,6.227650082,15.72376796,25.68664509,monsoon,7.500688231,576975191.8,322163252.3,1.981099485,1.952073256
leaf_1476,0.700834047,1.075580242,39.35210159,0.580904031,77.40085483,1.608645196,3.741744516,grandgrowth,5.645367822,34.21539311,38.97883654,winter,6.569418332,1985409314,2674992040,3.002780157,2.997644245
leaf_1477,0.827061348,3.516991983,36.73558134,0.219944059,83.35954357,1.157491977,3.178595612,drying,6.637637464,29.72482178,34.4190624,summer,13.06673928,3198054826,3797128987,3.423537826,3.415809078
leaf_1478,0.786056621,1.03425395,34.31244997,0.259963701,60.44678993,1.940867404,2.200075284,maturity,6.617362888,15.78230522,39.91092975,monsoon,5.631925268,219698065.1,150243200.3,3.286855404,3.27413478
leaf_1479,0.818032284,3.111099339,43.75122528,0.415032455,90.50431498,1.787541216,3.948998241,grandgrowth,7.199951534,19.07511881,33.06034607,summer,4.631121496,3104054167,2971686118,3.393440947,3.412355929
leaf_1480,0.492024983,3.910771329,43.02373715,0.430316988,75.63588339,1.165636722,3.421746723,germination,7.491982102,13.95312666,35.65166338,summer,11.40641691,2284296511,2538750463,2.306749944,2.323134361
leaf_1481,0.836050795,2.312983984,26.45831336,0.458060033,72.00382819,2.009745058,3.006052159,tillering,6.516314613,21.48901033,25.84314337,summer,6.036688464,1113564757,1408495226,3.453502649,3.486608382
leaf_1482,0.20818815,1.704920215,38.8695935,0.206787652,64.8385948,1.797390085,4.778686918,tillering,6.190408062,16.10945923,34.47604265,monsoon,12.8579804,351187939.5,183770591.6,1.360627166,1.367729296
leaf_1483,0.590040188,3.11461303,42.13887105,0.58414671,75.3812881,1.774890757,5.077941549,drying,5.871803423,29.31993861,36.46974417,summer,5.590442061,5393824806,4607732967,2.633467294,2.619023132
leaf_1484,0.105182794,3.451384426,42.81147755,0.217835237,77.37129699,1.606855402,2.979158076,maturity,5.50959965,39.83515313,36.67771442,summer,10.82722754,546452827.7,1096858984,1.017275981,1.033274692
leaf_1485,0.392127247,2.639290948,28.40428772,0.257224781,74.12763431,0.522779336,2.197789747,maturity,6.518227385,10.36027489,36.55167478,monsoon,1.631526088,12967844.3,-243538731.4,1.97375749,1.975142812
leaf_1486,0.429815381,3.901105826,49.69085569,0.205605807,83.75310328,1.893014367,5.395010802,tillering,6.611037333,26.2275944,28.39423941,winter,6.397880322,2307773052,2470740619,2.099384605,2.11234963
leaf_1487,0.456555422,1.155006165,21.00796379,0.426743373,74.73137851,1.252083582,2.039838965,germination,7.14987696,27.20999793,39.63097716,summer,5.80522245,201934944.5,122725686.6,2.188518075,2.181659628
leaf_1488,0.725920486,2.514386795,34.19327422,0.572906754,93.64961522,2.38521942,5.748449976,tillering,6.509153936,37.42626369,39.92773181,winter,12.43350235,27763230688,23617490791,3.08640162,3.043811919
leaf_1489,0.449702291,3.155361842,51.20850594,0.466378866,80.97471312,2.135969542,4.510479496,tillering,7.332936697,25.18016004,26.13393813,winter,14.53877565,9273881523,7010081860,2.165674304,2.167948603
leaf_1490,0.50382426,3.587921413,42.55571684,0.529062987,88.26172775,1.675388939,3.287386541,maturity,6.756166953,26.31104259,39.04669634,winter,7.452337874,5116952628,3390164569,2.346080868,2.366388129
leaf_1491,0.313789718,1.537766836,30.4464973,0.205312481,63.82745661,1.004363964,2.985911638,grandgrowth,7.180672476,24.14958404,29.34173791,winter,12.54770788,184311532.6,-388078159.8,1.712632393,1.709383626
leaf_1492,0.435926612,3.400010445,47.79812477,0.416806119,73.90519525,0.907434787,2.036022657,germination,5.79660347,18.06712914,35.33926123,winter,10.79572581,805477912.7,1376468089,2.119755375,2.143635346
leaf_1493,0.304542665,2.658121227,42.69563777,0.383825191,71.78966955,1.180769675,2.941885668,maturity,7.210672261,11.680874,30.07166381,winter,14.54340383,609308818.1,773833134.1,1.681808882,1.658281095
leaf_1494,0.165876331,2.189661046,51.84974438,0.399587178,79.93188358,1.453135887,2.550913206,tillering,6.850287709,22.25973047,39.51631485,monsoon,12.3555192,829999039.7,1118884848,1.219587771,1.207545486
leaf_1495,0.643103734,1.395145086,49.40100745,0.228885274,90.1389732,1.09213102,4.448664883,grandgrowth,5.840466065,11.57774414,26.52255787,monsoon,2.084692923,83055817.74,-297057098.2,2.81034578,2.83463222
leaf_1496,0.701391519,3.595887277,44.40431688,0.473774144,62.74183762,1.529858991,2.666182354,germination,5.879527116,26.51477408,32.46620225,winter,10.98594411,3775120547,5352036738,3.004638396,2.999613254
leaf_1497,0.657541311,1.471819625,39.52710701,0.401288166,62.54011793,0.830740851,4.11451935,drying,7.353001238,19.2188093,31.42071688,monsoon,8.496996016,619034725.2,679228880.5,2.858471038,2.862844183
leaf_1498,0.517144639,1.929363578,25.32728503,0.50605954,89.76111979,2.455425626,4.360465689,germination,5.564430721,26.00807205,29.89035178,monsoon,1.230104811,326991394.6,253153610.2,2.390482131,2.373630136
leaf_1499,0.441807202,1.870136596,30.45332072,0.394116254,67.44975301,0.71584911,3.192166793,germination,6.425069887,14.02890893,34.68300986,winter,4.518381422,107950330.4,-279437187.7,2.139357341,2.13260508
leaf_1500,0.877000285,3.614242103,36.76397892,0.259752654,83.40636391,2.363888279,2.140259796,tillering,6.12695058,37.97889897,26.96583615,winter,13.90457343,5572119482,6488730850,3.590000949,3.558978288
